trade_seq,trade_id,timestamp,tick_direction,price,instrument_name,index_price,direction,amount,liquidation
44768461,72075788,1586649616277,2,6885.0,BTC-PERPETUAL,6888.05,sell,100.0,
44768462,72075789,1586649616277,3,6885.0,BTC-PERPETUAL,6888.05,sell,200.0,
44768463,72075790,1586649616277,3,6885.0,BTC-PERPETUAL,6888.05,sell,1000.0,
44768464,72075791,1586649616277,3,6885.0,BTC-PERPETUAL,6888.05,sell,200.0,
44768465,72075792,1586649616325,3,6885.0,BTC-PERPETUAL,6888.05,sell,300.0,
44768466,72075793,1586649616325,3,6885.0,BTC-PERPETUAL,6888.05,sell,10.0,
44768467,72075794,1586649616325,3,6885.0,BTC-PERPETUAL,6888.05,sell,2190.0,
44768468,72075795,1586649619267,0,6885.5,BTC-PERPETUAL,6887.78,buy,13610.0,
44768469,72075796,1586649620375,2,6885.0,BTC-PERPETUAL,6887.79,sell,700.0,
44768470,72075797,1586649633128,3,6885.0,BTC-PERPETUAL,6888.5,sell,10.0,
44768471,72075798,1586649633128,3,6885.0,BTC-PERPETUAL,6888.5,sell,60.0,
44768472,72075801,1586649655128,0,6885.5,BTC-PERPETUAL,6890.58,buy,400.0,
44768473,72075802,1586649655456,1,6885.5,BTC-PERPETUAL,6890.56,buy,400.0,
44768474,72075804,1586649664991,2,6885.0,BTC-PERPETUAL,6890.78,sell,16940.0,
44768475,72075805,1586649664991,3,6885.0,BTC-PERPETUAL,6890.78,sell,10.0,
44768476,72075806,1586649664991,3,6885.0,BTC-PERPETUAL,6890.78,sell,4600.0,
44768477,72075807,1586649664991,3,6885.0,BTC-PERPETUAL,6890.78,sell,710.0,
44768478,72075808,1586649676313,0,6885.5,BTC-PERPETUAL,6890.8,buy,300.0,
44768479,72075809,1586649692197,1,6885.5,BTC-PERPETUAL,6891.44,buy,1680.0,
44768480,72075810,1586649695829,1,6885.5,BTC-PERPETUAL,6891.3,buy,2990.0,
44768481,72075811,1586649699775,1,6885.5,BTC-PERPETUAL,6891.66,buy,150.0,
44768482,72075812,1586649713069,1,6885.5,BTC-PERPETUAL,6891.56,buy,100.0,
44768483,72075813,1586649713069,1,6885.5,BTC-PERPETUAL,6891.56,buy,20.0,
44768484,72075814,1586649713069,1,6885.5,BTC-PERPETUAL,6891.56,buy,100.0,
44768485,72075815,1586649713069,1,6885.5,BTC-PERPETUAL,6891.56,buy,60.0,
44768486,72075816,1586649713135,1,6885.5,BTC-PERPETUAL,6891.56,buy,10.0,
44768487,72075817,1586649713135,1,6885.5,BTC-PERPETUAL,6891.56,buy,10.0,
44768488,72075818,1586649713135,1,6885.5,BTC-PERPETUAL,6891.56,buy,10.0,
44768489,72075819,1586649713135,1,6885.5,BTC-PERPETUAL,6891.56,buy,10.0,
44768490,72075820,1586649713135,1,6885.5,BTC-PERPETUAL,6891.56,buy,520.0,
44768491,72075821,1586649713135,1,6885.5,BTC-PERPETUAL,6891.56,buy,10.0,
44768492,72075822,1586649713135,0,6886.0,BTC-PERPETUAL,6891.56,buy,250.0,
44768493,72075823,1586649713135,1,6886.0,BTC-PERPETUAL,6891.56,buy,50.0,
44768494,72075824,1586649713135,0,6886.5,BTC-PERPETUAL,6891.56,buy,10.0,
44768495,72075833,1586649715356,0,6887.0,BTC-PERPETUAL,6891.95,buy,10.0,
44768496,72075834,1586649715356,1,6887.0,BTC-PERPETUAL,6891.95,buy,100.0,
44768497,72075835,1586649722093,1,6887.0,BTC-PERPETUAL,6892.92,buy,470.0,
44768498,72075836,1586649722152,1,6887.0,BTC-PERPETUAL,6892.92,buy,200.0,
44768499,72075837,1586649722152,1,6887.0,BTC-PERPETUAL,6892.92,buy,1580.0,
44768500,72075838,1586649722429,0,6887.5,BTC-PERPETUAL,6892.92,buy,10.0,
44768501,72075839,1586649722429,1,6887.5,BTC-PERPETUAL,6892.92,buy,20.0,
44768502,72075840,1586649722429,1,6887.5,BTC-PERPETUAL,6892.92,buy,20.0,
44768503,72075841,1586649722429,1,6887.5,BTC-PERPETUAL,6892.92,buy,20.0,
44768504,72075842,1586649722429,1,6887.5,BTC-PERPETUAL,6892.92,buy,20.0,
44768505,72075843,1586649722429,1,6887.5,BTC-PERPETUAL,6892.92,buy,20.0,
44768506,72075844,1586649722429,1,6887.5,BTC-PERPETUAL,6892.92,buy,20.0,
44768507,72075845,1586649722429,1,6887.5,BTC-PERPETUAL,6892.92,buy,20.0,
44768508,72075846,1586649722429,1,6887.5,BTC-PERPETUAL,6892.92,buy,20.0,
44768509,72075847,1586649722429,1,6887.5,BTC-PERPETUAL,6892.92,buy,770.0,
44768510,72075848,1586649722429,1,6887.5,BTC-PERPETUAL,6892.92,buy,50.0,
44768511,72075849,1586649722429,1,6887.5,BTC-PERPETUAL,6892.92,buy,20.0,
44768512,72075850,1586649722647,1,6887.5,BTC-PERPETUAL,6893.17,buy,100.0,
44768513,72075851,1586649722702,1,6887.5,BTC-PERPETUAL,6893.17,buy,30.0,
44768514,72075852,1586649722702,1,6887.5,BTC-PERPETUAL,6893.17,buy,150.0,
44768515,72075853,1586649722702,0,6888.0,BTC-PERPETUAL,6893.17,buy,10.0,
44768516,72075854,1586649722702,1,6888.0,BTC-PERPETUAL,6893.17,buy,10.0,
44768517,72075855,1586649722702,1,6888.0,BTC-PERPETUAL,6893.17,buy,770.0,
44768518,72075856,1586649722702,0,6888.5,BTC-PERPETUAL,6893.17,buy,40.0,
44768519,72075857,1586649722714,1,6888.5,BTC-PERPETUAL,6893.17,buy,10.0,
44768520,72075858,1586649722742,1,6888.5,BTC-PERPETUAL,6893.17,buy,210.0,
44768521,72075859,1586649722940,1,6888.5,BTC-PERPETUAL,6893.17,buy,430.0,
44768522,72075860,1586649722940,1,6888.5,BTC-PERPETUAL,6893.17,buy,320.0,
44768523,72075861,1586649724008,1,6888.5,BTC-PERPETUAL,6893.07,buy,450.0,
44768524,72075862,1586649724008,1,6888.5,BTC-PERPETUAL,6893.07,buy,1000.0,
44768525,72075863,1586649724008,1,6888.5,BTC-PERPETUAL,6893.07,buy,30.0,
44768526,72075864,1586649724008,1,6888.5,BTC-PERPETUAL,6893.07,buy,420.0,
44768527,72075865,1586649724008,1,6888.5,BTC-PERPETUAL,6893.07,buy,10.0,
44768528,72075866,1586649726383,0,6889.0,BTC-PERPETUAL,6893.32,buy,250.0,
44768529,72075867,1586649728657,1,6889.0,BTC-PERPETUAL,6893.32,buy,50.0,
44768530,72075868,1586649728657,1,6889.0,BTC-PERPETUAL,6893.32,buy,310.0,
44768531,72075869,1586649729373,1,6889.0,BTC-PERPETUAL,6893.27,buy,100.0,
44768532,72075870,1586649730420,1,6889.0,BTC-PERPETUAL,6893.27,buy,100.0,
44768533,72075871,1586649731363,1,6889.0,BTC-PERPETUAL,6893.43,buy,100.0,
44768534,72075872,1586649733104,1,6889.0,BTC-PERPETUAL,6893.74,buy,100.0,
44768535,72075873,1586649733955,1,6889.0,BTC-PERPETUAL,6893.8,buy,100.0,
44768536,72075874,1586649735042,1,6889.0,BTC-PERPETUAL,6893.76,buy,100.0,
44768537,72075875,1586649735487,1,6889.0,BTC-PERPETUAL,6893.76,buy,100.0,
44768538,72075876,1586649744251,1,6889.0,BTC-PERPETUAL,6894.13,buy,760.0,
44768539,72075877,1586649744251,1,6889.0,BTC-PERPETUAL,6894.13,buy,10.0,
44768540,72075878,1586649744251,1,6889.0,BTC-PERPETUAL,6894.13,buy,50.0,
44768541,72075879,1586649744251,1,6889.0,BTC-PERPETUAL,6894.13,buy,3900.0,
44768542,72075880,1586649744251,1,6889.0,BTC-PERPETUAL,6894.13,buy,10.0,
44768543,72075881,1586649744251,1,6889.0,BTC-PERPETUAL,6894.13,buy,8600.0,
44768544,72075882,1586649744251,0,6889.5,BTC-PERPETUAL,6894.13,buy,770.0,
44768545,72075883,1586649744251,1,6889.5,BTC-PERPETUAL,6894.13,buy,10.0,
44768546,72075884,1586649744251,1,6889.5,BTC-PERPETUAL,6894.13,buy,50.0,
44768547,72075885,1586649744251,1,6889.5,BTC-PERPETUAL,6894.13,buy,200.0,
44768548,72075886,1586649744251,1,6889.5,BTC-PERPETUAL,6894.13,buy,420.0,
44768549,72075887,1586649744251,1,6889.5,BTC-PERPETUAL,6894.13,buy,60.0,
44768550,72075888,1586649744251,1,6889.5,BTC-PERPETUAL,6894.13,buy,250.0,
44768551,72075889,1586649744251,0,6890.0,BTC-PERPETUAL,6894.13,buy,10.0,
44768552,72075890,1586649744251,1,6890.0,BTC-PERPETUAL,6894.13,buy,770.0,
44768553,72075891,1586649744251,1,6890.0,BTC-PERPETUAL,6894.13,buy,20.0,
44768554,72075892,1586649744251,1,6890.0,BTC-PERPETUAL,6894.13,buy,40.0,
44768555,72075893,1586649744251,1,6890.0,BTC-PERPETUAL,6894.13,buy,40.0,
44768556,72075894,1586649744251,1,6890.0,BTC-PERPETUAL,6894.13,buy,10.0,
44768557,72075895,1586649744251,1,6890.0,BTC-PERPETUAL,6894.13,buy,10.0,
44768558,72075896,1586649744251,1,6890.0,BTC-PERPETUAL,6894.13,buy,2000.0,
44768559,72075897,1586649744251,1,6890.0,BTC-PERPETUAL,6894.13,buy,200.0,
44768560,72075898,1586649744251,0,6890.5,BTC-PERPETUAL,6894.13,buy,770.0,
44768561,72075899,1586649744251,1,6890.5,BTC-PERPETUAL,6894.13,buy,10.0,
44768562,72075900,1586649744251,0,6891.0,BTC-PERPETUAL,6894.13,buy,10.0,
44768563,72075901,1586649744251,1,6891.0,BTC-PERPETUAL,6894.13,buy,770.0,
44768564,72075902,1586649744251,1,6891.0,BTC-PERPETUAL,6894.13,buy,40.0,
44768565,72075903,1586649744251,1,6891.0,BTC-PERPETUAL,6894.13,buy,40.0,
44768566,72075904,1586649744251,1,6891.0,BTC-PERPETUAL,6894.13,buy,10.0,
44768567,72075905,1586649744251,1,6891.0,BTC-PERPETUAL,6894.13,buy,10.0,
44768568,72075906,1586649744251,1,6891.0,BTC-PERPETUAL,6894.13,buy,10.0,
44768569,72075907,1586649744251,1,6891.0,BTC-PERPETUAL,6894.13,buy,10.0,
44768570,72075908,1586649744251,1,6891.0,BTC-PERPETUAL,6894.13,buy,10.0,
44768571,72075909,1586649744251,1,6891.0,BTC-PERPETUAL,6894.13,buy,400.0,
44768572,72075910,1586649744251,1,6891.0,BTC-PERPETUAL,6894.13,buy,2500.0,
44768573,72075911,1586649744251,1,6891.0,BTC-PERPETUAL,6894.13,buy,350.0,
44768574,72075912,1586649744251,1,6891.0,BTC-PERPETUAL,6894.13,buy,10.0,
44768575,72075913,1586649744251,0,6891.5,BTC-PERPETUAL,6894.13,buy,20.0,
44768576,72075914,1586649744251,1,6891.5,BTC-PERPETUAL,6894.13,buy,40.0,
44768577,72075915,1586649744274,2,6891.0,BTC-PERPETUAL,6894.13,buy,200.0,
44768578,72075916,1586649744274,3,6891.0,BTC-PERPETUAL,6894.13,buy,17490.0,
44768579,72075917,1586649744276,3,6891.0,BTC-PERPETUAL,6894.13,buy,7610.0,
44768580,72075918,1586649744276,0,6891.5,BTC-PERPETUAL,6894.13,buy,160.0,
44768581,72075919,1586649744276,1,6891.5,BTC-PERPETUAL,6894.13,buy,770.0,
44768582,72075920,1586649744276,1,6891.5,BTC-PERPETUAL,6894.13,buy,10.0,
44768583,72075921,1586649744276,1,6891.5,BTC-PERPETUAL,6894.13,buy,10.0,
44768584,72075922,1586649744276,1,6891.5,BTC-PERPETUAL,6894.13,buy,12290.0,
44768585,72075923,1586649744277,1,6891.5,BTC-PERPETUAL,6894.13,buy,2420.0,
44768586,72075924,1586649744277,1,6891.5,BTC-PERPETUAL,6894.13,buy,1000.0,
44768587,72075925,1586649744278,1,6891.5,BTC-PERPETUAL,6894.13,buy,3660.0,
44768588,72075926,1586649744586,2,6891.0,BTC-PERPETUAL,6894.13,sell,16410.0,
44768589,72075927,1586649745037,0,6891.5,BTC-PERPETUAL,6894.3,buy,10.0,
44768590,72075932,1586649752499,1,6891.5,BTC-PERPETUAL,6893.82,buy,6600.0,
44768591,72075933,1586649752499,1,6891.5,BTC-PERPETUAL,6893.82,buy,1000.0,
44768592,72075934,1586649752499,1,6891.5,BTC-PERPETUAL,6893.82,buy,10800.0,
44768593,72075935,1586649752499,1,6891.5,BTC-PERPETUAL,6893.82,buy,200.0,
44768594,72075936,1586649752499,1,6891.5,BTC-PERPETUAL,6893.82,buy,1400.0,
44768595,72075937,1586649755436,1,6891.5,BTC-PERPETUAL,6893.81,buy,100.0,
44768596,72075938,1586649756382,1,6891.5,BTC-PERPETUAL,6893.89,buy,100.0,
44768597,72075939,1586649757188,1,6891.5,BTC-PERPETUAL,6893.88,buy,100.0,
44768598,72075940,1586649758181,1,6891.5,BTC-PERPETUAL,6893.85,buy,100.0,
44768599,72075941,1586649758311,1,6891.5,BTC-PERPETUAL,6893.85,buy,3500.0,T
44768600,72075943,1586649765074,1,6891.5,BTC-PERPETUAL,6894.09,buy,100.0,
44768601,72075944,1586649766333,1,6891.5,BTC-PERPETUAL,6894.12,buy,20.0,
44768602,72075945,1586649766333,1,6891.5,BTC-PERPETUAL,6894.12,buy,50.0,
44768603,72075946,1586649766333,1,6891.5,BTC-PERPETUAL,6894.12,buy,30.0,
44768604,72075947,1586649767563,1,6891.5,BTC-PERPETUAL,6894.02,buy,100.0,
44768605,72075948,1586649772778,1,6891.5,BTC-PERPETUAL,6894.3,buy,100.0,
44768606,72075949,1586649774073,1,6891.5,BTC-PERPETUAL,6894.11,buy,100.0,
44768607,72075950,1586649781709,1,6891.5,BTC-PERPETUAL,6894.5,buy,40.0,
44768608,72075958,1586649782033,0,6892.0,BTC-PERPETUAL,6894.5,buy,100.0,
44768609,72075959,1586649782039,1,6892.0,BTC-PERPETUAL,6894.94,buy,90.0,
44768610,72075960,1586649782039,1,6892.0,BTC-PERPETUAL,6894.94,buy,10.0,
44768611,72075961,1586649782041,1,6892.0,BTC-PERPETUAL,6894.94,buy,100.0,
44768612,72075962,1586649782042,1,6892.0,BTC-PERPETUAL,6894.94,buy,50.0,
44768613,72075963,1586649782042,1,6892.0,BTC-PERPETUAL,6894.94,buy,250.0,
44768614,72075964,1586649782044,1,6892.0,BTC-PERPETUAL,6894.94,buy,100.0,
44768615,72075965,1586649782045,1,6892.0,BTC-PERPETUAL,6894.94,buy,100.0,
44768616,72075966,1586649782079,1,6892.0,BTC-PERPETUAL,6894.94,buy,450.0,
44768617,72075967,1586649782079,1,6892.0,BTC-PERPETUAL,6894.94,buy,770.0,
44768618,72075968,1586649782079,1,6892.0,BTC-PERPETUAL,6894.94,buy,30.0,
44768619,72075969,1586649782079,1,6892.0,BTC-PERPETUAL,6894.94,buy,250.0,
44768620,72075970,1586649782081,1,6892.0,BTC-PERPETUAL,6894.94,buy,550.0,
44768621,72075971,1586649782139,1,6892.0,BTC-PERPETUAL,6894.94,buy,900.0,
44768622,72075972,1586649782690,0,6892.5,BTC-PERPETUAL,6894.94,buy,100.0,
44768623,72075973,1586649783881,1,6892.5,BTC-PERPETUAL,6895.2,buy,60.0,
44768624,72075974,1586649783881,1,6892.5,BTC-PERPETUAL,6895.2,buy,40.0,
44768625,72075977,1586649785293,1,6892.5,BTC-PERPETUAL,6895.41,buy,100.0,
44768626,72075978,1586649785334,1,6892.5,BTC-PERPETUAL,6895.41,buy,160.0,
44768627,72075980,1586649785436,1,6892.5,BTC-PERPETUAL,6895.41,buy,210.0,
44768628,72075981,1586649786146,1,6892.5,BTC-PERPETUAL,6895.41,buy,100.0,
44768629,72075991,1586649787243,1,6892.5,BTC-PERPETUAL,6895.24,buy,100.0,
44768630,72075992,1586649788120,1,6892.5,BTC-PERPETUAL,6895.8,buy,10.0,
44768631,72075993,1586649788175,1,6892.5,BTC-PERPETUAL,6895.8,buy,50.0,
44768632,72075994,1586649788175,1,6892.5,BTC-PERPETUAL,6895.8,buy,50.0,
44768633,72075995,1586649789371,1,6892.5,BTC-PERPETUAL,6895.79,buy,10.0,
44768634,72075996,1586649789371,1,6892.5,BTC-PERPETUAL,6895.79,buy,420.0,
44768635,72075997,1586649789371,1,6892.5,BTC-PERPETUAL,6895.79,buy,10.0,
44768636,72075998,1586649789371,1,6892.5,BTC-PERPETUAL,6895.79,buy,50.0,
44768637,72075999,1586649789371,1,6892.5,BTC-PERPETUAL,6895.79,buy,5020.0,
44768638,72076001,1586649797701,1,6892.5,BTC-PERPETUAL,6895.47,buy,60.0,
44768639,72076002,1586649808055,1,6892.5,BTC-PERPETUAL,6896.08,buy,100.0,
44768640,72076003,1586649814328,2,6892.0,BTC-PERPETUAL,6895.98,sell,10.0,
44768641,72076004,1586649814328,3,6892.0,BTC-PERPETUAL,6895.98,sell,400.0,
44768642,72076005,1586649814328,3,6892.0,BTC-PERPETUAL,6895.98,sell,220.0,
44768643,72076006,1586649814328,3,6892.0,BTC-PERPETUAL,6895.98,sell,560.0,
44768644,72076007,1586649818767,0,6892.5,BTC-PERPETUAL,6896.02,buy,840.0,
44768645,72076008,1586649818767,1,6892.5,BTC-PERPETUAL,6896.02,buy,40.0,
44768646,72076009,1586649818767,1,6892.5,BTC-PERPETUAL,6896.02,buy,20.0,
44768647,72076010,1586649818767,1,6892.5,BTC-PERPETUAL,6896.02,buy,500.0,
44768648,72076012,1586649841788,2,6892.0,BTC-PERPETUAL,6895.04,sell,500.0,
44768649,72076019,1586649845099,0,6892.5,BTC-PERPETUAL,6895.16,buy,100.0,
44768650,72076020,1586649845099,1,6892.5,BTC-PERPETUAL,6895.16,buy,10.0,
44768651,72076021,1586649845099,1,6892.5,BTC-PERPETUAL,6895.16,buy,3340.0,
44768652,72076022,1586649851723,2,6892.0,BTC-PERPETUAL,6895.64,sell,970.0,
44768653,72076023,1586649851723,3,6892.0,BTC-PERPETUAL,6895.64,sell,20.0,
44768654,72076024,1586649851723,3,6892.0,BTC-PERPETUAL,6895.64,sell,10.0,
44768655,72076026,1586649865888,0,6892.5,BTC-PERPETUAL,6896.32,buy,100.0,
44768656,72076027,1586649865888,1,6892.5,BTC-PERPETUAL,6896.32,buy,30.0,
44768657,72076028,1586649865888,1,6892.5,BTC-PERPETUAL,6896.32,buy,9300.0,
44768658,72076029,1586649865888,1,6892.5,BTC-PERPETUAL,6896.32,buy,10.0,
44768659,72076030,1586649865888,0,6893.0,BTC-PERPETUAL,6896.32,buy,540.0,
44768660,72076031,1586649865888,1,6893.0,BTC-PERPETUAL,6896.32,buy,20.0,
44768661,72076032,1586649865891,1,6893.0,BTC-PERPETUAL,6896.32,buy,20.0,
44768662,72076033,1586649865891,1,6893.0,BTC-PERPETUAL,6896.32,buy,600.0,
44768663,72076034,1586649865891,1,6893.0,BTC-PERPETUAL,6896.32,buy,140.0,
44768664,72076035,1586649866009,1,6893.0,BTC-PERPETUAL,6896.32,buy,100.0,
44768665,72076036,1586649866010,1,6893.0,BTC-PERPETUAL,6896.32,buy,100.0,
44768666,72076037,1586649866012,1,6893.0,BTC-PERPETUAL,6896.32,buy,700.0,
44768667,72076038,1586649866016,1,6893.0,BTC-PERPETUAL,6896.32,buy,100.0,
44768668,72076039,1586649866017,1,6893.0,BTC-PERPETUAL,6896.32,buy,100.0,
44768669,72076040,1586649866018,1,6893.0,BTC-PERPETUAL,6896.32,buy,100.0,
44768670,72076041,1586649866021,1,6893.0,BTC-PERPETUAL,6896.32,buy,100.0,
44768671,72076042,1586649866235,1,6893.0,BTC-PERPETUAL,6896.32,buy,330.0,
44768672,72076043,1586649866235,1,6893.0,BTC-PERPETUAL,6896.32,buy,10.0,
44768673,72076044,1586649866235,1,6893.0,BTC-PERPETUAL,6896.32,buy,10.0,
44768674,72076045,1586649866235,1,6893.0,BTC-PERPETUAL,6896.32,buy,250.0,
44768675,72076046,1586649866235,1,6893.0,BTC-PERPETUAL,6896.32,buy,1100.0,
44768676,72076047,1586649866236,1,6893.0,BTC-PERPETUAL,6896.32,buy,100.0,
44768677,72076048,1586649866255,1,6893.0,BTC-PERPETUAL,6896.32,buy,100.0,
44768678,72076049,1586649866256,1,6893.0,BTC-PERPETUAL,6896.32,buy,300.0,
44768679,72076050,1586649866258,1,6893.0,BTC-PERPETUAL,6896.32,buy,300.0,
44768680,72076051,1586649866259,1,6893.0,BTC-PERPETUAL,6896.32,buy,700.0,
44768681,72076052,1586649866260,1,6893.0,BTC-PERPETUAL,6896.32,buy,100.0,
44768682,72076053,1586649866685,0,6893.5,BTC-PERPETUAL,6896.81,buy,180.0,
44768683,72076054,1586649866685,1,6893.5,BTC-PERPETUAL,6896.81,buy,770.0,
44768684,72076055,1586649866685,1,6893.5,BTC-PERPETUAL,6896.81,buy,40.0,
44768685,72076056,1586649866685,0,6894.0,BTC-PERPETUAL,6896.81,buy,250.0,
44768686,72076057,1586649866685,1,6894.0,BTC-PERPETUAL,6896.81,buy,770.0,
44768687,72076058,1586649866685,1,6894.0,BTC-PERPETUAL,6896.81,buy,6300.0,
44768688,72076059,1586649866685,0,6894.5,BTC-PERPETUAL,6896.81,buy,770.0,
44768689,72076060,1586649866685,1,6894.5,BTC-PERPETUAL,6896.81,buy,30.0,
44768690,72076061,1586649866685,1,6894.5,BTC-PERPETUAL,6896.81,buy,50.0,
44768691,72076062,1586649866685,0,6895.0,BTC-PERPETUAL,6896.81,buy,2100.0,
44768692,72076063,1586649866685,1,6895.0,BTC-PERPETUAL,6896.81,buy,10.0,
44768693,72076064,1586649866685,1,6895.0,BTC-PERPETUAL,6896.81,buy,250.0,
44768694,72076065,1586649866685,1,6895.0,BTC-PERPETUAL,6896.81,buy,770.0,
44768695,72076066,1586649866685,1,6895.0,BTC-PERPETUAL,6896.81,buy,10.0,
44768696,72076067,1586649866685,1,6895.0,BTC-PERPETUAL,6896.81,buy,130.0,
44768697,72076068,1586649866685,0,6895.5,BTC-PERPETUAL,6896.81,buy,770.0,
44768698,72076069,1586649866685,0,6896.0,BTC-PERPETUAL,6896.81,buy,160.0,
44768699,72076070,1586649866685,1,6896.0,BTC-PERPETUAL,6896.81,buy,770.0,
44768700,72076071,1586649866685,1,6896.0,BTC-PERPETUAL,6896.81,buy,420.0,
44768701,72076072,1586649866685,1,6896.0,BTC-PERPETUAL,6896.81,buy,60.0,
44768702,72076073,1586649866685,0,6896.5,BTC-PERPETUAL,6896.81,buy,390.0,
44768703,72076079,1586649866727,1,6896.5,BTC-PERPETUAL,6896.81,buy,170.0,
44768704,72076080,1586649866729,1,6896.5,BTC-PERPETUAL,6896.81,buy,260.0,
44768705,72076087,1586649867090,1,6896.5,BTC-PERPETUAL,6896.81,buy,180.0,
44768706,72076088,1586649867090,1,6896.5,BTC-PERPETUAL,6896.81,buy,10.0,
44768707,72076089,1586649867112,1,6896.5,BTC-PERPETUAL,6896.81,buy,150.0,
44768708,72076090,1586649867113,1,6896.5,BTC-PERPETUAL,6896.81,buy,10.0,
44768709,72076091,1586649868467,1,6896.5,BTC-PERPETUAL,6897.15,buy,10.0,
44768710,72076092,1586649869860,1,6896.5,BTC-PERPETUAL,6897.82,buy,100.0,
44768711,72076093,1586649870798,1,6896.5,BTC-PERPETUAL,6898.19,buy,100.0,
44768712,72076094,1586649871622,1,6896.5,BTC-PERPETUAL,6898.19,buy,100.0,
44768713,72076095,1586649872509,2,6896.0,BTC-PERPETUAL,6898.19,sell,480.0,
44768714,72076096,1586649872699,0,6896.5,BTC-PERPETUAL,6898.12,buy,100.0,
44768715,72076097,1586649873480,1,6896.5,BTC-PERPETUAL,6898.12,buy,100.0,
44768716,72076098,1586649874272,1,6896.5,BTC-PERPETUAL,6898.09,buy,250.0,
44768717,72076099,1586649875407,1,6896.5,BTC-PERPETUAL,6898.17,buy,100.0,
44768718,72076100,1586649877296,1,6896.5,BTC-PERPETUAL,6898.27,buy,100.0,
44768719,72076101,1586649878344,1,6896.5,BTC-PERPETUAL,6898.43,buy,100.0,
44768720,72076102,1586649879351,1,6896.5,BTC-PERPETUAL,6898.45,buy,100.0,
44768721,72076103,1586649880545,1,6896.5,BTC-PERPETUAL,6898.45,buy,100.0,
44768722,72076104,1586649881455,1,6896.5,BTC-PERPETUAL,6898.7,buy,100.0,
44768723,72076105,1586649881567,1,6896.5,BTC-PERPETUAL,6898.7,buy,11000.0,
44768724,72076106,1586649882424,1,6896.5,BTC-PERPETUAL,6899.05,buy,100.0,
44768725,72076107,1586649883224,1,6896.5,BTC-PERPETUAL,6899.02,buy,100.0,
44768726,72076108,1586649883596,2,6896.0,BTC-PERPETUAL,6899.02,sell,400.0,
44768727,72076109,1586649883596,3,6896.0,BTC-PERPETUAL,6899.02,sell,1000.0,
44768728,72076110,1586649883596,3,6896.0,BTC-PERPETUAL,6899.02,sell,500.0,
44768729,72076111,1586649883596,3,6896.0,BTC-PERPETUAL,6899.02,sell,780.0,
44768730,72076112,1586649883596,3,6896.0,BTC-PERPETUAL,6899.02,sell,200.0,
44768731,72076113,1586649883596,3,6896.0,BTC-PERPETUAL,6899.02,sell,220.0,
44768732,72076114,1586649883596,3,6896.0,BTC-PERPETUAL,6899.02,sell,1000.0,
44768733,72076115,1586649883596,3,6896.0,BTC-PERPETUAL,6899.02,sell,40.0,
44768734,72076116,1586649883596,3,6896.0,BTC-PERPETUAL,6899.02,sell,2930.0,
44768735,72076117,1586649885128,0,6896.5,BTC-PERPETUAL,6899.0,buy,100.0,
44768736,72076118,1586649893602,1,6896.5,BTC-PERPETUAL,6899.1,buy,1000.0,
44768737,72076119,1586649898449,2,6896.0,BTC-PERPETUAL,6899.55,sell,140.0,
44768738,72076120,1586649899052,0,6896.5,BTC-PERPETUAL,6899.26,buy,100.0,
44768739,72076121,1586649901393,1,6896.5,BTC-PERPETUAL,6899.3,buy,50.0,
44768740,72076122,1586649905469,1,6896.5,BTC-PERPETUAL,6899.98,buy,100.0,
44768741,72076123,1586649922655,1,6896.5,BTC-PERPETUAL,6900.19,buy,3430.0,
44768742,72076131,1586649923772,2,6896.0,BTC-PERPETUAL,6900.19,sell,1600.0,
44768743,72076136,1586649925496,0,6896.5,BTC-PERPETUAL,6899.68,buy,100.0,
44768744,72076137,1586649928271,1,6896.5,BTC-PERPETUAL,6899.66,buy,110.0,
44768745,72076138,1586649935414,1,6896.5,BTC-PERPETUAL,6899.52,buy,2280.0,
44768746,72076139,1586649935414,1,6896.5,BTC-PERPETUAL,6899.52,buy,770.0,
44768747,72076140,1586649935414,1,6896.5,BTC-PERPETUAL,6899.52,buy,350.0,
44768748,72076141,1586649935414,1,6896.5,BTC-PERPETUAL,6899.52,buy,40.0,
44768749,72076142,1586649935414,1,6896.5,BTC-PERPETUAL,6899.52,buy,10.0,
44768750,72076143,1586649935414,1,6896.5,BTC-PERPETUAL,6899.52,buy,10.0,
44768751,72076144,1586649935414,1,6896.5,BTC-PERPETUAL,6899.52,buy,520.0,
44768752,72076145,1586649935414,1,6896.5,BTC-PERPETUAL,6899.52,buy,110.0,
44768753,72076146,1586649935414,1,6896.5,BTC-PERPETUAL,6899.52,buy,10.0,
44768754,72076147,1586649935414,1,6896.5,BTC-PERPETUAL,6899.52,buy,1000.0,
44768755,72076148,1586649935414,1,6896.5,BTC-PERPETUAL,6899.52,buy,4730.0,
44768756,72076149,1586649935414,1,6896.5,BTC-PERPETUAL,6899.52,buy,10.0,
44768757,72076150,1586649935414,1,6896.5,BTC-PERPETUAL,6899.52,buy,10.0,
44768758,72076151,1586649935414,1,6896.5,BTC-PERPETUAL,6899.52,buy,3000.0,
44768759,72076152,1586649935414,1,6896.5,BTC-PERPETUAL,6899.52,buy,8830.0,
44768760,72076153,1586649935414,1,6896.5,BTC-PERPETUAL,6899.52,buy,13270.0,
44768761,72076154,1586649935414,1,6896.5,BTC-PERPETUAL,6899.52,buy,3440.0,
44768762,72076155,1586649935414,1,6896.5,BTC-PERPETUAL,6899.52,buy,3600.0,
44768763,72076156,1586649935414,1,6896.5,BTC-PERPETUAL,6899.52,buy,3600.0,
44768764,72076157,1586649935414,1,6896.5,BTC-PERPETUAL,6899.52,buy,200.0,
44768765,72076158,1586649935414,0,6897.0,BTC-PERPETUAL,6899.52,buy,770.0,
44768766,72076159,1586649935414,1,6897.0,BTC-PERPETUAL,6899.52,buy,10.0,
44768767,72076160,1586649935414,1,6897.0,BTC-PERPETUAL,6899.52,buy,400.0,
44768768,72076161,1586649935414,1,6897.0,BTC-PERPETUAL,6899.52,buy,60.0,
44768769,72076162,1586649935414,1,6897.0,BTC-PERPETUAL,6899.52,buy,410.0,
44768770,72076163,1586649935414,1,6897.0,BTC-PERPETUAL,6899.52,buy,50.0,
44768771,72076164,1586649935414,1,6897.0,BTC-PERPETUAL,6899.52,buy,350.0,
44768772,72076165,1586649935414,1,6897.0,BTC-PERPETUAL,6899.52,buy,450.0,
44768773,72076166,1586649935414,0,6897.5,BTC-PERPETUAL,6899.52,buy,770.0,
44768774,72076167,1586649935414,1,6897.5,BTC-PERPETUAL,6899.52,buy,5000.0,
44768775,72076168,1586649935414,0,6898.0,BTC-PERPETUAL,6899.52,buy,60.0,
44768776,72076169,1586649935414,1,6898.0,BTC-PERPETUAL,6899.52,buy,1000.0,
44768777,72076170,1586649935414,1,6898.0,BTC-PERPETUAL,6899.52,buy,770.0,
44768778,72076171,1586649935414,1,6898.0,BTC-PERPETUAL,6899.52,buy,1250.0,
44768779,72076172,1586649935414,1,6898.0,BTC-PERPETUAL,6899.52,buy,2280.0,
44768780,72076173,1586649935414,0,6898.5,BTC-PERPETUAL,6899.52,buy,6540.0,
44768781,72076174,1586649935414,1,6898.5,BTC-PERPETUAL,6899.52,buy,1000.0,
44768782,72076175,1586649935414,1,6898.5,BTC-PERPETUAL,6899.52,buy,1770.0,
44768783,72076176,1586649935414,1,6898.5,BTC-PERPETUAL,6899.52,buy,420.0,
44768784,72076177,1586649935414,1,6898.5,BTC-PERPETUAL,6899.52,buy,2500.0,
44768785,72076178,1586649935414,1,6898.5,BTC-PERPETUAL,6899.52,buy,6890.0,
44768786,72076179,1586649935414,0,6899.0,BTC-PERPETUAL,6899.52,buy,10000.0,
44768787,72076180,1586649935414,1,6899.0,BTC-PERPETUAL,6899.52,buy,400.0,
44768788,72076181,1586649935414,1,6899.0,BTC-PERPETUAL,6899.52,buy,23640.0,
44768789,72076182,1586649935414,1,6899.0,BTC-PERPETUAL,6899.52,buy,770.0,
44768790,72076183,1586649935414,0,6899.5,BTC-PERPETUAL,6899.52,buy,2300.0,
44768791,72076184,1586649935414,1,6899.5,BTC-PERPETUAL,6899.52,buy,770.0,
44768792,72076185,1586649935414,1,6899.5,BTC-PERPETUAL,6899.52,buy,1000.0,
44768793,72076186,1586649935414,1,6899.5,BTC-PERPETUAL,6899.52,buy,2500.0,
44768794,72076187,1586649935414,1,6899.5,BTC-PERPETUAL,6899.52,buy,300.0,
44768795,72076188,1586649935414,0,6900.0,BTC-PERPETUAL,6899.52,buy,10.0,
44768796,72076189,1586649935414,1,6900.0,BTC-PERPETUAL,6899.52,buy,250.0,
44768797,72076190,1586649935414,1,6900.0,BTC-PERPETUAL,6899.52,buy,1040.0,
44768798,72076191,1586649935414,1,6900.0,BTC-PERPETUAL,6899.52,buy,50.0,
44768799,72076192,1586649935414,1,6900.0,BTC-PERPETUAL,6899.52,buy,500.0,
44768800,72076193,1586649935414,1,6900.0,BTC-PERPETUAL,6899.52,buy,1000.0,
44768801,72076194,1586649935414,1,6900.0,BTC-PERPETUAL,6899.52,buy,50.0,
44768802,72076195,1586649935414,1,6900.0,BTC-PERPETUAL,6899.52,buy,50.0,
44768803,72076196,1586649935414,1,6900.0,BTC-PERPETUAL,6899.52,buy,340.0,
44768804,72076197,1586649935414,1,6900.0,BTC-PERPETUAL,6899.52,buy,9620.0,
44768805,72076198,1586649935414,1,6900.0,BTC-PERPETUAL,6899.52,buy,1000.0,
44768806,72076199,1586649935414,1,6900.0,BTC-PERPETUAL,6899.52,buy,15870.0,
44768807,72076200,1586649935437,2,6899.5,BTC-PERPETUAL,6899.52,buy,30.0,
44768808,72076202,1586649936451,2,6899.0,BTC-PERPETUAL,6899.55,sell,30.0,
44768809,72076207,1586649940150,0,6899.5,BTC-PERPETUAL,6899.95,buy,100.0,
44768810,72076208,1586649943204,1,6899.5,BTC-PERPETUAL,6900.31,buy,100.0,
44768811,72076209,1586649944423,1,6899.5,BTC-PERPETUAL,6900.29,buy,100.0,
44768812,72076210,1586649945888,1,6899.5,BTC-PERPETUAL,6900.29,buy,30.0,
44768813,72076211,1586649955191,1,6899.5,BTC-PERPETUAL,6900.62,buy,100.0,
44768814,72076212,1586649956487,1,6899.5,BTC-PERPETUAL,6900.58,buy,100.0,
44768815,72076213,1586649957917,1,6899.5,BTC-PERPETUAL,6900.58,buy,100.0,
44768816,72076214,1586649960007,2,6899.0,BTC-PERPETUAL,6900.54,sell,820.0,
44768817,72076215,1586649960727,3,6899.0,BTC-PERPETUAL,6900.54,sell,10.0,
44768818,72076218,1586649972216,0,6899.5,BTC-PERPETUAL,6900.96,buy,100.0,
44768819,72076219,1586649975738,1,6899.5,BTC-PERPETUAL,6900.92,buy,500.0,
44768820,72076220,1586649975767,1,6899.5,BTC-PERPETUAL,6900.92,buy,1000.0,
44768821,72076222,1586649980650,1,6899.5,BTC-PERPETUAL,6901.85,buy,100.0,
44768822,72076223,1586649982111,1,6899.5,BTC-PERPETUAL,6901.99,buy,100.0,
44768823,72076224,1586649983765,1,6899.5,BTC-PERPETUAL,6902.15,buy,100.0,
44768824,72076246,1586649999792,1,6899.5,BTC-PERPETUAL,6903.28,buy,100.0,
44768825,72076248,1586650007029,1,6899.5,BTC-PERPETUAL,6903.77,buy,100.0,
44768826,72076249,1586650007029,1,6899.5,BTC-PERPETUAL,6903.77,buy,1500.0,
44768827,72076251,1586650011234,2,6899.0,BTC-PERPETUAL,6903.98,sell,50.0,
44768828,72076252,1586650020738,0,6899.5,BTC-PERPETUAL,6904.48,buy,50.0,
44768829,72076253,1586650020738,1,6899.5,BTC-PERPETUAL,6904.48,buy,400.0,
44768830,72076254,1586650020738,1,6899.5,BTC-PERPETUAL,6904.48,buy,400.0,
44768831,72076255,1586650020738,1,6899.5,BTC-PERPETUAL,6904.48,buy,50.0,
44768832,72076256,1586650020738,1,6899.5,BTC-PERPETUAL,6904.48,buy,400.0,
44768833,72076257,1586650020738,1,6899.5,BTC-PERPETUAL,6904.48,buy,400.0,
44768834,72076258,1586650020738,1,6899.5,BTC-PERPETUAL,6904.48,buy,10.0,
44768835,72076259,1586650020738,1,6899.5,BTC-PERPETUAL,6904.48,buy,10.0,
44768836,72076260,1586650020738,1,6899.5,BTC-PERPETUAL,6904.48,buy,100.0,
44768837,72076261,1586650020738,1,6899.5,BTC-PERPETUAL,6904.48,buy,10.0,
44768838,72076262,1586650020738,1,6899.5,BTC-PERPETUAL,6904.48,buy,10.0,
44768839,72076263,1586650020738,1,6899.5,BTC-PERPETUAL,6904.48,buy,1000.0,
44768840,72076264,1586650033516,0,6900.0,BTC-PERPETUAL,6904.46,buy,440.0,
44768841,72076265,1586650038688,1,6900.0,BTC-PERPETUAL,6904.46,buy,1710.0,
44768842,72076270,1586650040524,1,6900.0,BTC-PERPETUAL,6904.76,buy,1050.0,
44768843,72076271,1586650044108,1,6900.0,BTC-PERPETUAL,6904.79,buy,930.0,
44768844,72076272,1586650044108,1,6900.0,BTC-PERPETUAL,6904.79,buy,3130.0,
44768845,72076273,1586650046095,1,6900.0,BTC-PERPETUAL,6904.76,buy,1170.0,
44768846,72076274,1586650046142,1,6900.0,BTC-PERPETUAL,6904.76,buy,1250.0,
44768847,72076275,1586650046145,1,6900.0,BTC-PERPETUAL,6904.76,buy,690.0,
44768848,72076276,1586650046153,1,6900.0,BTC-PERPETUAL,6904.76,buy,1500.0,
44768849,72076278,1586650046171,1,6900.0,BTC-PERPETUAL,6904.76,buy,6260.0,
44768850,72076279,1586650046171,1,6900.0,BTC-PERPETUAL,6904.76,buy,1380.0,
44768851,72076280,1586650046171,1,6900.0,BTC-PERPETUAL,6904.76,buy,10.0,
44768852,72076281,1586650046171,1,6900.0,BTC-PERPETUAL,6904.76,buy,770.0,
44768853,72076282,1586650046171,1,6900.0,BTC-PERPETUAL,6904.76,buy,350.0,
44768854,72076283,1586650046171,1,6900.0,BTC-PERPETUAL,6904.76,buy,350.0,
44768855,72076284,1586650046171,1,6900.0,BTC-PERPETUAL,6904.76,buy,3180.0,
44768856,72076285,1586650046171,1,6900.0,BTC-PERPETUAL,6904.76,buy,2700.0,
44768857,72076288,1586650046196,1,6900.0,BTC-PERPETUAL,6904.76,buy,5300.0,
44768858,72076289,1586650046196,1,6900.0,BTC-PERPETUAL,6904.76,buy,70.0,
44768859,72076290,1586650046196,1,6900.0,BTC-PERPETUAL,6904.76,buy,120.0,
44768860,72076291,1586650046196,0,6900.5,BTC-PERPETUAL,6904.76,buy,30.0,
44768861,72076292,1586650046196,1,6900.5,BTC-PERPETUAL,6904.76,buy,770.0,
44768862,72076293,1586650046196,1,6900.5,BTC-PERPETUAL,6904.76,buy,1000.0,
44768863,72076294,1586650046196,1,6900.5,BTC-PERPETUAL,6904.76,buy,2500.0,
44768864,72076295,1586650046196,0,6901.0,BTC-PERPETUAL,6904.76,buy,10.0,
44768865,72076296,1586650046196,1,6901.0,BTC-PERPETUAL,6904.76,buy,200.0,
44768866,72076301,1586650046320,1,6901.0,BTC-PERPETUAL,6904.76,buy,500.0,
44768867,72076302,1586650046339,1,6901.0,BTC-PERPETUAL,6904.76,buy,70.0,
44768868,72076303,1586650046339,1,6901.0,BTC-PERPETUAL,6904.76,buy,180.0,
44768869,72076307,1586650046396,1,6901.0,BTC-PERPETUAL,6904.76,buy,200.0,
44768870,72076308,1586650046397,1,6901.0,BTC-PERPETUAL,6904.76,buy,30.0,
44768871,72076309,1586650046397,1,6901.0,BTC-PERPETUAL,6904.76,buy,60.0,
44768872,72076313,1586650046807,0,6901.5,BTC-PERPETUAL,6904.76,buy,770.0,
44768873,72076314,1586650046807,1,6901.5,BTC-PERPETUAL,6904.76,buy,50.0,
44768874,72076315,1586650046807,0,6902.0,BTC-PERPETUAL,6904.76,buy,20.0,
44768875,72076316,1586650046807,1,6902.0,BTC-PERPETUAL,6904.76,buy,150.0,
44768876,72076317,1586650046807,1,6902.0,BTC-PERPETUAL,6904.76,buy,260.0,
44768877,72076319,1586650046915,1,6902.0,BTC-PERPETUAL,6905.53,buy,510.0,
44768878,72076320,1586650046915,1,6902.0,BTC-PERPETUAL,6905.53,buy,5000.0,
44768879,72076321,1586650046915,1,6902.0,BTC-PERPETUAL,6905.53,buy,100.0,
44768880,72076322,1586650046915,0,6902.5,BTC-PERPETUAL,6905.53,buy,770.0,
44768881,72076323,1586650046915,0,6903.0,BTC-PERPETUAL,6905.53,buy,1000.0,
44768882,72076324,1586650046915,1,6903.0,BTC-PERPETUAL,6905.53,buy,10.0,
44768883,72076325,1586650046915,1,6903.0,BTC-PERPETUAL,6905.53,buy,10.0,
44768884,72076326,1586650046915,1,6903.0,BTC-PERPETUAL,6905.53,buy,10.0,
44768885,72076327,1586650046915,1,6903.0,BTC-PERPETUAL,6905.53,buy,770.0,
44768886,72076328,1586650046915,1,6903.0,BTC-PERPETUAL,6905.53,buy,5000.0,
44768887,72076329,1586650046915,1,6903.0,BTC-PERPETUAL,6905.53,buy,1820.0,
44768888,72076330,1586650046930,2,6902.0,BTC-PERPETUAL,6905.53,buy,1500.0,
44768889,72076331,1586650046932,3,6902.0,BTC-PERPETUAL,6905.53,buy,200.0,
44768890,72076332,1586650046933,3,6902.0,BTC-PERPETUAL,6905.53,buy,690.0,
44768891,72076333,1586650046933,0,6903.0,BTC-PERPETUAL,6905.53,buy,680.0,
44768892,72076334,1586650046933,0,6903.5,BTC-PERPETUAL,6905.53,buy,1000.0,
44768893,72076335,1586650046933,1,6903.5,BTC-PERPETUAL,6905.53,buy,100.0,
44768894,72076336,1586650046933,1,6903.5,BTC-PERPETUAL,6905.53,buy,770.0,
44768895,72076337,1586650046933,1,6903.5,BTC-PERPETUAL,6905.53,buy,3760.0,
44768896,72076338,1586650046934,1,6903.5,BTC-PERPETUAL,6905.53,buy,200.0,
44768897,72076339,1586650046952,1,6903.5,BTC-PERPETUAL,6905.53,buy,3540.0,
44768898,72076340,1586650046952,0,6904.0,BTC-PERPETUAL,6905.53,buy,60.0,
44768899,72076341,1586650046952,1,6904.0,BTC-PERPETUAL,6905.53,buy,400.0,
44768900,72076342,1586650046952,1,6904.0,BTC-PERPETUAL,6905.53,buy,40.0,
44768901,72076343,1586650046952,1,6904.0,BTC-PERPETUAL,6905.53,buy,770.0,
44768902,72076344,1586650046952,1,6904.0,BTC-PERPETUAL,6905.53,buy,190.0,
44768903,72076346,1586650047153,1,6904.0,BTC-PERPETUAL,6905.53,buy,220.0,
44768904,72076347,1586650047153,1,6904.0,BTC-PERPETUAL,6905.53,buy,60.0,
44768905,72076348,1586650047153,1,6904.0,BTC-PERPETUAL,6905.53,buy,820.0,
44768906,72076352,1586650047451,1,6904.0,BTC-PERPETUAL,6905.53,buy,290.0,
44768907,72076353,1586650047451,1,6904.0,BTC-PERPETUAL,6905.53,buy,1800.0,
44768908,72076354,1586650047451,1,6904.0,BTC-PERPETUAL,6905.53,buy,630.0,
44768909,72076364,1586650047652,1,6904.0,BTC-PERPETUAL,6905.53,buy,20.0,
44768910,72076365,1586650047652,1,6904.0,BTC-PERPETUAL,6905.53,buy,200.0,
44768911,72076377,1586650047935,1,6904.0,BTC-PERPETUAL,6905.84,buy,1350.0,
44768912,72076378,1586650047935,1,6904.0,BTC-PERPETUAL,6905.84,buy,1150.0,
44768913,72076379,1586650047965,1,6904.0,BTC-PERPETUAL,6905.84,buy,1030.0,
44768914,72076380,1586650047979,1,6904.0,BTC-PERPETUAL,6905.84,buy,520.0,
44768915,72076383,1586650048285,1,6904.0,BTC-PERPETUAL,6905.84,buy,1990.0,
44768916,72076384,1586650048321,1,6904.0,BTC-PERPETUAL,6905.84,buy,500.0,
44768917,72076385,1586650048977,1,6904.0,BTC-PERPETUAL,6906.21,buy,100.0,
44768918,72076390,1586650049924,1,6904.0,BTC-PERPETUAL,6907.94,buy,70.0,
44768919,72076391,1586650049924,1,6904.0,BTC-PERPETUAL,6907.94,buy,30.0,
44768920,72076392,1586650050828,1,6904.0,BTC-PERPETUAL,6907.94,buy,100.0,
44768921,72076393,1586650051992,1,6904.0,BTC-PERPETUAL,6908.07,buy,100.0,
44768922,72076394,1586650052933,1,6904.0,BTC-PERPETUAL,6908.04,buy,100.0,
44768923,72076395,1586650053802,1,6904.0,BTC-PERPETUAL,6908.04,buy,100.0,
44768924,72076396,1586650054668,1,6904.0,BTC-PERPETUAL,6908.0,buy,100.0,
44768925,72076397,1586650055560,1,6904.0,BTC-PERPETUAL,6908.33,buy,100.0,
44768926,72076399,1586650056608,1,6904.0,BTC-PERPETUAL,6908.36,buy,100.0,
44768927,72076400,1586650057838,1,6904.0,BTC-PERPETUAL,6908.33,buy,100.0,
44768928,72076403,1586650058801,1,6904.0,BTC-PERPETUAL,6908.31,buy,100.0,
44768929,72076404,1586650060138,1,6904.0,BTC-PERPETUAL,6908.1,buy,80.0,
44768930,72076405,1586650060138,1,6904.0,BTC-PERPETUAL,6908.1,buy,20.0,
44768931,72076406,1586650067410,1,6904.0,BTC-PERPETUAL,6908.11,buy,100.0,
44768932,72076407,1586650071608,1,6904.0,BTC-PERPETUAL,6908.5,buy,880.0,
44768933,72076408,1586650071608,1,6904.0,BTC-PERPETUAL,6908.5,buy,520.0,
44768934,72076409,1586650071608,1,6904.0,BTC-PERPETUAL,6908.5,buy,1100.0,
44768935,72076411,1586650084373,1,6904.0,BTC-PERPETUAL,6909.13,buy,80.0,
44768936,72076412,1586650084373,1,6904.0,BTC-PERPETUAL,6909.13,buy,20.0,
44768937,72076413,1586650084407,1,6904.0,BTC-PERPETUAL,6909.13,buy,10.0,
44768938,72076415,1586650091244,0,6904.5,BTC-PERPETUAL,6909.4,buy,770.0,
44768939,72076416,1586650091244,1,6904.5,BTC-PERPETUAL,6909.4,buy,200.0,
44768940,72076417,1586650091251,1,6904.5,BTC-PERPETUAL,6909.4,buy,70.0,
44768941,72076418,1586650100362,1,6904.5,BTC-PERPETUAL,6909.15,buy,180.0,
44768942,72076419,1586650100362,1,6904.5,BTC-PERPETUAL,6909.15,buy,400.0,
44768943,72076420,1586650100362,1,6904.5,BTC-PERPETUAL,6909.15,buy,10.0,
44768944,72076421,1586650100362,1,6904.5,BTC-PERPETUAL,6909.15,buy,70.0,
44768945,72076422,1586650100362,1,6904.5,BTC-PERPETUAL,6909.15,buy,10.0,
44768946,72076423,1586650100362,0,6905.0,BTC-PERPETUAL,6909.15,buy,10.0,
44768947,72076424,1586650100362,1,6905.0,BTC-PERPETUAL,6909.15,buy,10.0,
44768948,72076425,1586650100362,1,6905.0,BTC-PERPETUAL,6909.15,buy,10.0,
44768949,72076426,1586650100362,1,6905.0,BTC-PERPETUAL,6909.15,buy,770.0,
44768950,72076427,1586650100362,1,6905.0,BTC-PERPETUAL,6909.15,buy,1000.0,
44768951,72076428,1586650100362,1,6905.0,BTC-PERPETUAL,6909.15,buy,4430.0,
44768952,72076429,1586650100380,1,6905.0,BTC-PERPETUAL,6909.15,buy,850.0,
44768953,72076430,1586650100380,0,6905.5,BTC-PERPETUAL,6909.15,buy,770.0,
44768954,72076431,1586650100380,1,6905.5,BTC-PERPETUAL,6909.15,buy,50.0,
44768955,72076432,1586650100380,0,6906.0,BTC-PERPETUAL,6909.15,buy,10.0,
44768956,72076433,1586650100380,1,6906.0,BTC-PERPETUAL,6909.15,buy,770.0,
44768957,72076434,1586650100380,0,6906.5,BTC-PERPETUAL,6909.15,buy,30.0,
44768958,72076435,1586650100380,1,6906.5,BTC-PERPETUAL,6909.15,buy,20.0,
44768959,72076436,1586650100391,1,6906.5,BTC-PERPETUAL,6909.15,buy,750.0,
44768960,72076437,1586650100391,1,6906.5,BTC-PERPETUAL,6909.15,buy,10.0,
44768961,72076438,1586650100391,1,6906.5,BTC-PERPETUAL,6909.15,buy,200.0,
44768962,72076439,1586650100391,0,6907.0,BTC-PERPETUAL,6909.15,buy,4040.0,
44768963,72076442,1586650100741,2,6906.5,BTC-PERPETUAL,6909.15,buy,200.0,
44768964,72076443,1586650100741,3,6906.5,BTC-PERPETUAL,6909.15,buy,10.0,
44768965,72076444,1586650100918,3,6906.5,BTC-PERPETUAL,6909.15,sell,280.0,
44768966,72076445,1586650101202,0,6907.0,BTC-PERPETUAL,6909.15,buy,960.0,
44768967,72076446,1586650101202,1,6907.0,BTC-PERPETUAL,6909.15,buy,770.0,
44768968,72076447,1586650101202,1,6907.0,BTC-PERPETUAL,6909.15,buy,8270.0,
44768969,72076448,1586650101418,1,6907.0,BTC-PERPETUAL,6910.42,buy,640.0,
44768970,72076449,1586650101418,1,6907.0,BTC-PERPETUAL,6910.42,buy,200.0,
44768971,72076450,1586650101418,1,6907.0,BTC-PERPETUAL,6910.42,buy,10.0,
44768972,72076451,1586650101418,0,6907.5,BTC-PERPETUAL,6910.42,buy,770.0,
44768973,72076452,1586650101418,0,6908.0,BTC-PERPETUAL,6910.42,buy,100.0,
44768974,72076453,1586650101418,1,6908.0,BTC-PERPETUAL,6910.42,buy,770.0,
44768975,72076454,1586650101418,1,6908.0,BTC-PERPETUAL,6910.42,buy,1000.0,
44768976,72076455,1586650101418,1,6908.0,BTC-PERPETUAL,6910.42,buy,50.0,
44768977,72076456,1586650101418,0,6908.5,BTC-PERPETUAL,6910.42,buy,1000.0,
44768978,72076457,1586650101418,1,6908.5,BTC-PERPETUAL,6910.42,buy,770.0,
44768979,72076458,1586650101418,1,6908.5,BTC-PERPETUAL,6910.42,buy,60.0,
44768980,72076459,1586650101418,1,6908.5,BTC-PERPETUAL,6910.42,buy,100.0,
44768981,72076460,1586650101418,1,6908.5,BTC-PERPETUAL,6910.42,buy,410.0,
44768982,72076461,1586650101418,1,6908.5,BTC-PERPETUAL,6910.42,buy,750.0,
44768983,72076462,1586650102420,2,6908.0,BTC-PERPETUAL,6910.46,buy,100.0,
44768984,72076463,1586650102440,3,6908.0,BTC-PERPETUAL,6910.46,buy,1000.0,
44768985,72076464,1586650102852,3,6908.0,BTC-PERPETUAL,6910.46,buy,750.0,T
44768986,72076465,1586650102879,2,6907.5,BTC-PERPETUAL,6910.46,sell,280.0,
44768987,72076466,1586650103302,0,6908.0,BTC-PERPETUAL,6910.53,buy,100.0,
44768988,72076468,1586650104178,1,6908.0,BTC-PERPETUAL,6910.53,buy,100.0,
44768989,72076469,1586650105252,1,6908.0,BTC-PERPETUAL,6911.48,buy,100.0,
44768990,72076470,1586650105999,1,6908.0,BTC-PERPETUAL,6911.48,buy,100.0,
44768991,72076471,1586650106404,2,6907.5,BTC-PERPETUAL,6911.45,sell,1010.0,
44768992,72076472,1586650106407,3,6907.5,BTC-PERPETUAL,6911.45,sell,840.0,
44768993,72076473,1586650106737,3,6907.5,BTC-PERPETUAL,6911.45,sell,560.0,
44768994,72076474,1586650106737,3,6907.5,BTC-PERPETUAL,6911.45,sell,1040.0,
44768995,72076475,1586650107083,0,6908.0,BTC-PERPETUAL,6911.45,buy,100.0,
44768996,72076476,1586650108021,1,6908.0,BTC-PERPETUAL,6910.33,buy,100.0,
44768997,72076477,1586650110878,2,6907.5,BTC-PERPETUAL,6910.91,sell,870.0,
44768998,72076480,1586650130822,3,6907.5,BTC-PERPETUAL,6909.45,sell,370.0,
44768999,72076481,1586650130822,3,6907.5,BTC-PERPETUAL,6909.45,sell,1000.0,
44769000,72076482,1586650130822,3,6907.5,BTC-PERPETUAL,6909.45,sell,8170.0,
44769001,72076483,1586650130822,3,6907.5,BTC-PERPETUAL,6909.45,sell,10.0,
44769002,72076484,1586650130822,3,6907.5,BTC-PERPETUAL,6909.45,sell,3680.0,
44769003,72076485,1586650130822,3,6907.5,BTC-PERPETUAL,6909.45,sell,60.0,
44769004,72076486,1586650130822,3,6907.5,BTC-PERPETUAL,6909.45,sell,7000.0,
44769005,72076487,1586650130822,3,6907.5,BTC-PERPETUAL,6909.45,sell,10.0,
44769006,72076488,1586650130822,3,6907.5,BTC-PERPETUAL,6909.45,sell,1690.0,
44769007,72076489,1586650130822,2,6907.0,BTC-PERPETUAL,6909.45,sell,10.0,
44769008,72076490,1586650130822,2,6906.5,BTC-PERPETUAL,6909.45,sell,10.0,
44769009,72076491,1586650130822,2,6906.0,BTC-PERPETUAL,6909.45,sell,10.0,
44769010,72076492,1586650130822,2,6905.5,BTC-PERPETUAL,6909.45,sell,1330.0,
44769011,72076493,1586650130822,3,6905.5,BTC-PERPETUAL,6909.45,sell,100.0,
44769012,72076494,1586650130822,3,6905.5,BTC-PERPETUAL,6909.45,sell,200.0,
44769013,72076495,1586650130822,3,6905.5,BTC-PERPETUAL,6909.45,sell,450.0,
44769014,72076496,1586650130822,3,6905.5,BTC-PERPETUAL,6909.45,sell,10000.0,
44769015,72076497,1586650130822,3,6905.5,BTC-PERPETUAL,6909.45,sell,5000.0,
44769016,72076498,1586650130822,2,6905.0,BTC-PERPETUAL,6909.45,sell,770.0,
44769017,72076499,1586650130822,3,6905.0,BTC-PERPETUAL,6909.45,sell,130.0,
44769018,72076500,1586650130822,3,6905.0,BTC-PERPETUAL,6909.45,sell,1300.0,
44769019,72076501,1586650130822,2,6904.5,BTC-PERPETUAL,6909.45,sell,1000.0,
44769020,72076502,1586650130822,3,6904.5,BTC-PERPETUAL,6909.45,sell,770.0,
44769021,72076503,1586650130822,3,6904.5,BTC-PERPETUAL,6909.45,sell,300.0,
44769022,72076504,1586650130822,3,6904.5,BTC-PERPETUAL,6909.45,sell,5000.0,
44769023,72076518,1586650130829,2,6904.0,BTC-PERPETUAL,6909.45,sell,1000.0,
44769024,72076519,1586650130829,3,6904.0,BTC-PERPETUAL,6909.45,sell,770.0,
44769025,72076520,1586650130829,3,6904.0,BTC-PERPETUAL,6909.45,sell,1000.0,
44769026,72076521,1586650130833,3,6904.0,BTC-PERPETUAL,6909.45,sell,200.0,
44769027,72076523,1586650130835,3,6904.0,BTC-PERPETUAL,6909.45,sell,9100.0,
44769028,72076524,1586650130836,3,6904.0,BTC-PERPETUAL,6909.45,sell,5880.0,
44769029,72076525,1586650130966,3,6904.0,BTC-PERPETUAL,6909.45,sell,400.0,
44769030,72076526,1586650130966,3,6904.0,BTC-PERPETUAL,6909.45,sell,100.0,
44769031,72076527,1586650130966,3,6904.0,BTC-PERPETUAL,6909.45,sell,400.0,
44769032,72076528,1586650130966,3,6904.0,BTC-PERPETUAL,6909.45,sell,400.0,
44769033,72076529,1586650130966,3,6904.0,BTC-PERPETUAL,6909.45,sell,400.0,
44769034,72076530,1586650130966,3,6904.0,BTC-PERPETUAL,6909.45,sell,10.0,
44769035,72076531,1586650130966,3,6904.0,BTC-PERPETUAL,6909.45,sell,6860.0,
44769036,72076534,1586650130969,3,6904.0,BTC-PERPETUAL,6909.45,sell,1970.0,
44769037,72076546,1586650131001,2,6903.5,BTC-PERPETUAL,6909.45,sell,100.0,
44769038,72076547,1586650131001,3,6903.5,BTC-PERPETUAL,6909.45,sell,770.0,
44769039,72076548,1586650131001,3,6903.5,BTC-PERPETUAL,6909.45,sell,30.0,
44769040,72076549,1586650131001,3,6903.5,BTC-PERPETUAL,6909.45,sell,10.0,
44769041,72076550,1586650131001,3,6903.5,BTC-PERPETUAL,6909.45,sell,2500.0,
44769042,72076551,1586650131005,3,6903.5,BTC-PERPETUAL,6909.45,sell,100.0,
44769043,72076552,1586650131023,2,6903.0,BTC-PERPETUAL,6909.45,sell,20.0,
44769044,72076553,1586650131023,3,6903.0,BTC-PERPETUAL,6909.45,sell,1110.0,
44769045,72076554,1586650131023,3,6903.0,BTC-PERPETUAL,6909.45,sell,2120.0,
44769046,72076555,1586650131025,3,6903.0,BTC-PERPETUAL,6909.45,sell,13890.0,
44769047,72076556,1586650131060,3,6903.0,BTC-PERPETUAL,6909.45,sell,400.0,
44769048,72076557,1586650131160,3,6903.0,BTC-PERPETUAL,6909.45,sell,4790.0,
44769049,72076558,1586650131162,3,6903.0,BTC-PERPETUAL,6909.45,sell,3220.0,
44769050,72076560,1586650131168,3,6903.0,BTC-PERPETUAL,6909.45,sell,3530.0,
44769051,72076561,1586650131180,3,6903.0,BTC-PERPETUAL,6909.45,sell,1580.0,
44769052,72076562,1586650131180,3,6903.0,BTC-PERPETUAL,6909.45,sell,690.0,
44769053,72076563,1586650131180,3,6903.0,BTC-PERPETUAL,6909.45,sell,70.0,
44769054,72076564,1586650131181,3,6903.0,BTC-PERPETUAL,6909.45,sell,430.0,
44769055,72076565,1586650131181,3,6903.0,BTC-PERPETUAL,6909.45,sell,100.0,
44769056,72076566,1586650131181,3,6903.0,BTC-PERPETUAL,6909.45,sell,10.0,
44769057,72076569,1586650131207,2,6902.5,BTC-PERPETUAL,6909.45,sell,770.0,
44769058,72076570,1586650131207,3,6902.5,BTC-PERPETUAL,6909.45,sell,60.0,
44769059,72076571,1586650131207,3,6902.5,BTC-PERPETUAL,6909.45,sell,500.0,
44769060,72076572,1586650131207,3,6902.5,BTC-PERPETUAL,6909.45,sell,1000.0,
44769061,72076575,1586650131271,2,6902.0,BTC-PERPETUAL,6909.45,sell,1110.0,
44769062,72076576,1586650131271,3,6902.0,BTC-PERPETUAL,6909.45,sell,770.0,
44769063,72076577,1586650131271,3,6902.0,BTC-PERPETUAL,6909.45,sell,1910.0,
44769064,72076578,1586650131272,3,6902.0,BTC-PERPETUAL,6909.45,sell,3090.0,
44769065,72076579,1586650131272,3,6902.0,BTC-PERPETUAL,6909.45,sell,100.0,
44769066,72076580,1586650131272,3,6902.0,BTC-PERPETUAL,6909.45,sell,2200.0,
44769067,72076581,1586650131275,3,6902.0,BTC-PERPETUAL,6909.45,sell,300.0,
44769068,72076582,1586650131283,2,6901.5,BTC-PERPETUAL,6909.45,sell,770.0,
44769069,72076583,1586650131283,3,6901.5,BTC-PERPETUAL,6909.45,sell,1110.0,
44769070,72076584,1586650131283,3,6901.5,BTC-PERPETUAL,6909.45,sell,4910.0,
44769071,72076586,1586650131285,3,6901.5,BTC-PERPETUAL,6909.45,sell,4120.0,
44769072,72076587,1586650131285,3,6901.5,BTC-PERPETUAL,6909.45,sell,120.0,
44769073,72076588,1586650131285,3,6901.5,BTC-PERPETUAL,6909.45,sell,250.0,
44769074,72076591,1586650131289,3,6901.5,BTC-PERPETUAL,6909.45,sell,1000.0,
44769075,72076597,1586650131382,2,6901.0,BTC-PERPETUAL,6909.45,sell,770.0,
44769076,72076598,1586650131382,3,6901.0,BTC-PERPETUAL,6909.45,sell,280.0,
44769077,72076599,1586650131382,3,6901.0,BTC-PERPETUAL,6909.45,sell,950.0,
44769078,72076606,1586650131516,3,6901.0,BTC-PERPETUAL,6907.6,sell,5360.0,
44769079,72076614,1586650131641,3,6901.0,BTC-PERPETUAL,6907.6,sell,10.0,
44769080,72076615,1586650131641,3,6901.0,BTC-PERPETUAL,6907.6,sell,10.0,
44769081,72076616,1586650131641,3,6901.0,BTC-PERPETUAL,6907.6,sell,29520.0,
44769082,72076617,1586650131641,2,6900.5,BTC-PERPETUAL,6907.6,sell,770.0,
44769083,72076618,1586650131641,3,6900.5,BTC-PERPETUAL,6907.6,sell,13800.0,
44769084,72076619,1586650131641,3,6900.5,BTC-PERPETUAL,6907.6,sell,6900.0,
44769085,72076620,1586650131641,3,6900.5,BTC-PERPETUAL,6907.6,sell,13800.0,
44769086,72076621,1586650131641,3,6900.5,BTC-PERPETUAL,6907.6,sell,1100.0,
44769087,72076622,1586650131641,3,6900.5,BTC-PERPETUAL,6907.6,sell,1000.0,
44769088,72076623,1586650131641,3,6900.5,BTC-PERPETUAL,6907.6,sell,450.0,
44769089,72076624,1586650131650,2,6900.0,BTC-PERPETUAL,6907.6,sell,10.0,
44769090,72076625,1586650131650,3,6900.0,BTC-PERPETUAL,6907.6,sell,190.0,
44769091,72076626,1586650131739,3,6900.0,BTC-PERPETUAL,6907.6,sell,580.0,
44769092,72076627,1586650131779,2,6899.5,BTC-PERPETUAL,6907.6,sell,500.0,
44769093,72076628,1586650131858,3,6899.5,BTC-PERPETUAL,6907.6,sell,270.0,
44769094,72076629,1586650131858,3,6899.5,BTC-PERPETUAL,6907.6,sell,100.0,
44769095,72076630,1586650131858,3,6899.5,BTC-PERPETUAL,6907.6,sell,140.0,
44769096,72076631,1586650131858,3,6899.5,BTC-PERPETUAL,6907.6,sell,490.0,
44769097,72076632,1586650131861,3,6899.5,BTC-PERPETUAL,6907.6,sell,510.0,
44769098,72076633,1586650131861,2,6899.0,BTC-PERPETUAL,6907.6,sell,490.0,
44769099,72076634,1586650131867,3,6899.0,BTC-PERPETUAL,6907.6,sell,10.0,
44769100,72076641,1586650132136,0,6899.5,BTC-PERPETUAL,6907.6,sell,10.0,
44769101,72076642,1586650132136,1,6899.5,BTC-PERPETUAL,6907.6,sell,1640.0,
44769102,72076644,1586650132656,1,6899.5,BTC-PERPETUAL,6906.42,sell,280.0,
44769103,72076645,1586650132656,1,6899.5,BTC-PERPETUAL,6906.42,sell,1370.0,
44769104,72076646,1586650132691,1,6899.5,BTC-PERPETUAL,6906.42,sell,100.0,
44769105,72076647,1586650132691,1,6899.5,BTC-PERPETUAL,6906.42,sell,400.0,
44769106,72076658,1586650133035,1,6899.5,BTC-PERPETUAL,6906.42,sell,520.0,
44769107,72076659,1586650133035,1,6899.5,BTC-PERPETUAL,6906.42,sell,10.0,
44769108,72076660,1586650133035,1,6899.5,BTC-PERPETUAL,6906.42,sell,1120.0,
44769109,72076663,1586650133063,1,6899.5,BTC-PERPETUAL,6906.42,sell,640.0,
44769110,72076664,1586650133165,1,6899.5,BTC-PERPETUAL,6906.42,sell,6200.0,
44769111,72076665,1586650133290,1,6899.5,BTC-PERPETUAL,6906.42,sell,490.0,
44769112,72076666,1586650133290,1,6899.5,BTC-PERPETUAL,6906.42,sell,1160.0,
44769113,72076667,1586650133451,1,6899.5,BTC-PERPETUAL,6906.42,sell,1060.0,
44769114,72076668,1586650133466,1,6899.5,BTC-PERPETUAL,6906.42,sell,6350.0,
44769115,72076669,1586650133466,1,6899.5,BTC-PERPETUAL,6906.42,sell,50.0,
44769116,72076670,1586650133466,1,6899.5,BTC-PERPETUAL,6906.42,sell,10.0,
44769117,72076671,1586650133477,2,6899.0,BTC-PERPETUAL,6906.42,sell,270.0,
44769118,72076672,1586650133477,3,6899.0,BTC-PERPETUAL,6906.42,sell,1400.0,
44769119,72076673,1586650133482,3,6899.0,BTC-PERPETUAL,6905.5,sell,3340.0,
44769120,72076678,1586650133711,3,6899.0,BTC-PERPETUAL,6905.5,sell,1650.0,
44769121,72076679,1586650134366,3,6899.0,BTC-PERPETUAL,6905.5,sell,680.0,
44769122,72076680,1586650134366,3,6899.0,BTC-PERPETUAL,6905.5,sell,10.0,
44769123,72076681,1586650134366,2,6898.5,BTC-PERPETUAL,6905.5,sell,510.0,
44769124,72076682,1586650134366,3,6898.5,BTC-PERPETUAL,6905.5,sell,120.0,
44769125,72076683,1586650134366,3,6898.5,BTC-PERPETUAL,6905.5,sell,330.0,
44769126,72076684,1586650134671,3,6898.5,BTC-PERPETUAL,6904.82,sell,500.0,
44769127,72076685,1586650134671,2,6898.0,BTC-PERPETUAL,6904.82,sell,770.0,
44769128,72076686,1586650134671,2,6897.5,BTC-PERPETUAL,6904.82,sell,380.0,
44769129,72076687,1586650135146,3,6897.5,BTC-PERPETUAL,6904.82,sell,120.0,
44769130,72076688,1586650135146,3,6897.5,BTC-PERPETUAL,6904.82,sell,30.0,
44769131,72076689,1586650135146,3,6897.5,BTC-PERPETUAL,6904.82,sell,1500.0,
44769132,72076690,1586650135457,3,6897.5,BTC-PERPETUAL,6904.82,sell,1650.0,
44769133,72076691,1586650135759,3,6897.5,BTC-PERPETUAL,6902.02,sell,1650.0,
44769134,72076702,1586650139514,0,6898.0,BTC-PERPETUAL,6903.03,buy,400.0,
44769135,72076703,1586650139514,1,6898.0,BTC-PERPETUAL,6903.03,buy,400.0,
44769136,72076704,1586650139514,1,6898.0,BTC-PERPETUAL,6903.03,buy,400.0,
44769137,72076705,1586650139514,1,6898.0,BTC-PERPETUAL,6903.03,buy,400.0,
44769138,72076706,1586650139514,1,6898.0,BTC-PERPETUAL,6903.03,buy,900.0,
44769139,72076707,1586650140765,1,6898.0,BTC-PERPETUAL,6902.57,buy,2500.0,
44769140,72076708,1586650141910,1,6898.0,BTC-PERPETUAL,6902.89,buy,20.0,
44769141,72076709,1586650141910,1,6898.0,BTC-PERPETUAL,6902.89,buy,10.0,
44769142,72076710,1586650141910,1,6898.0,BTC-PERPETUAL,6902.89,buy,200.0,
44769143,72076711,1586650141910,0,6898.5,BTC-PERPETUAL,6902.89,buy,10.0,
44769144,72076718,1586650142669,0,6899.0,BTC-PERPETUAL,6903.61,buy,100.0,
44769145,72076725,1586650144043,0,6899.5,BTC-PERPETUAL,6903.8,sell,250.0,
44769146,72076726,1586650147212,0,6900.0,BTC-PERPETUAL,6904.84,buy,100.0,
44769147,72076738,1586650147742,0,6900.5,BTC-PERPETUAL,6904.95,buy,1000.0,
44769148,72076739,1586650147742,1,6900.5,BTC-PERPETUAL,6904.95,buy,30.0,
44769149,72076740,1586650147742,1,6900.5,BTC-PERPETUAL,6904.95,buy,100.0,
44769150,72076743,1586650147770,0,6901.5,BTC-PERPETUAL,6904.95,buy,10.0,
44769151,72076744,1586650147770,1,6901.5,BTC-PERPETUAL,6904.95,buy,450.0,
44769152,72076745,1586650152186,1,6901.5,BTC-PERPETUAL,6905.47,sell,100.0,
44769153,72076746,1586650181934,0,6902.0,BTC-PERPETUAL,6906.91,buy,20.0,
44769154,72076747,1586650181934,1,6902.0,BTC-PERPETUAL,6906.91,buy,10.0,
44769155,72076748,1586650181934,1,6902.0,BTC-PERPETUAL,6906.91,buy,350.0,
44769156,72076749,1586650181934,1,6902.0,BTC-PERPETUAL,6906.91,buy,100.0,
44769157,72076750,1586650181934,1,6902.0,BTC-PERPETUAL,6906.91,buy,960.0,
44769158,72076751,1586650181950,1,6902.0,BTC-PERPETUAL,6906.91,buy,40.0,
44769159,72076752,1586650181950,1,6902.0,BTC-PERPETUAL,6906.91,buy,1000.0,
44769160,72076753,1586650181950,1,6902.0,BTC-PERPETUAL,6906.91,buy,100.0,
44769161,72076754,1586650181951,1,6902.0,BTC-PERPETUAL,6906.91,buy,850.0,
44769162,72076756,1586650181995,0,6903.0,BTC-PERPETUAL,6906.91,buy,120.0,
44769163,72076757,1586650181995,0,6903.5,BTC-PERPETUAL,6906.91,buy,120.0,
44769164,72076758,1586650181995,1,6903.5,BTC-PERPETUAL,6906.91,buy,260.0,
44769165,72076778,1586650182197,0,6904.5,BTC-PERPETUAL,6906.91,buy,400.0,
44769166,72076779,1586650182197,1,6904.5,BTC-PERPETUAL,6906.91,buy,50.0,
44769167,72076780,1586650182197,1,6904.5,BTC-PERPETUAL,6906.91,buy,50.0,
44769168,72076781,1586650182197,1,6904.5,BTC-PERPETUAL,6906.91,buy,1000.0,
44769169,72076788,1586650182203,0,6905.0,BTC-PERPETUAL,6906.91,buy,20.0,
44769170,72076803,1586650182317,0,6906.0,BTC-PERPETUAL,6906.91,buy,10.0,
44769171,72076804,1586650182317,0,6906.5,BTC-PERPETUAL,6906.91,buy,490.0,
44769172,72076805,1586650182341,1,6906.5,BTC-PERPETUAL,6906.91,buy,30.0,
44769173,72076806,1586650182341,1,6906.5,BTC-PERPETUAL,6906.91,buy,60.0,
44769174,72076807,1586650182341,1,6906.5,BTC-PERPETUAL,6906.91,buy,410.0,
44769175,72076808,1586650182341,1,6906.5,BTC-PERPETUAL,6906.91,buy,250.0,
44769176,72076809,1586650182351,1,6906.5,BTC-PERPETUAL,6906.91,buy,500.0,
44769177,72076817,1586650182653,1,6906.5,BTC-PERPETUAL,6906.91,buy,100.0,
44769178,72076818,1586650182653,1,6906.5,BTC-PERPETUAL,6906.91,buy,2590.0,
44769179,72076825,1586650187422,1,6906.5,BTC-PERPETUAL,6908.95,buy,10.0,
44769180,72076836,1586650189454,1,6906.5,BTC-PERPETUAL,6908.27,buy,20.0,
44769181,72076837,1586650189454,1,6906.5,BTC-PERPETUAL,6908.27,buy,4980.0,
44769182,72076853,1586650189694,2,6906.0,BTC-PERPETUAL,6908.27,sell,400.0,
44769183,72076854,1586650189694,3,6906.0,BTC-PERPETUAL,6908.27,sell,400.0,
44769184,72076855,1586650189694,3,6906.0,BTC-PERPETUAL,6908.27,sell,400.0,
44769185,72076856,1586650189694,3,6906.0,BTC-PERPETUAL,6908.27,sell,400.0,
44769186,72076857,1586650189695,0,6906.5,BTC-PERPETUAL,6908.27,buy,270.0,
44769187,72076860,1586650189781,2,6906.0,BTC-PERPETUAL,6908.27,sell,10.0,
44769188,72076861,1586650189781,3,6906.0,BTC-PERPETUAL,6908.27,sell,20.0,
44769189,72076862,1586650189781,3,6906.0,BTC-PERPETUAL,6908.27,sell,230.0,
44769190,72076863,1586650189781,3,6906.0,BTC-PERPETUAL,6908.27,sell,200.0,
44769191,72076864,1586650189781,3,6906.0,BTC-PERPETUAL,6908.27,sell,10.0,
44769192,72076865,1586650189781,3,6906.0,BTC-PERPETUAL,6908.27,sell,200.0,
44769193,72076866,1586650189781,2,6905.5,BTC-PERPETUAL,6908.27,sell,10.0,
44769194,72076867,1586650189781,3,6905.5,BTC-PERPETUAL,6908.27,sell,10.0,
44769195,72076904,1586650190073,2,6905.0,BTC-PERPETUAL,6908.0,sell,10.0,
44769196,72076905,1586650190073,3,6905.0,BTC-PERPETUAL,6908.0,sell,10.0,
44769197,72076906,1586650190073,2,6904.5,BTC-PERPETUAL,6908.0,sell,10.0,
44769198,72076907,1586650190073,3,6904.5,BTC-PERPETUAL,6908.0,sell,10.0,
44769199,72076908,1586650190073,3,6904.5,BTC-PERPETUAL,6908.0,sell,10.0,
44769200,72076919,1586650191124,2,6904.0,BTC-PERPETUAL,6907.04,sell,10.0,
44769201,72076920,1586650191124,3,6904.0,BTC-PERPETUAL,6907.04,sell,10.0,
44769202,72076921,1586650191701,2,6903.5,BTC-PERPETUAL,6907.04,sell,250.0,
44769203,72076922,1586650191701,3,6903.5,BTC-PERPETUAL,6907.04,sell,710.0,
44769204,72076923,1586650192340,3,6903.5,BTC-PERPETUAL,6906.78,sell,1650.0,
44769205,72076924,1586650192653,3,6903.5,BTC-PERPETUAL,6906.78,sell,1470.0,
44769206,72076925,1586650192653,3,6903.5,BTC-PERPETUAL,6906.78,sell,30.0,
44769207,72076926,1586650192653,3,6903.5,BTC-PERPETUAL,6906.78,sell,10.0,
44769208,72076927,1586650192653,2,6903.0,BTC-PERPETUAL,6906.78,sell,140.0,
44769209,72076928,1586650204678,0,6903.5,BTC-PERPETUAL,6906.7,buy,300.0,
44769210,72076929,1586650204678,1,6903.5,BTC-PERPETUAL,6906.7,buy,1000.0,
44769211,72076930,1586650204678,1,6903.5,BTC-PERPETUAL,6906.7,buy,200.0,
44769212,72076931,1586650204678,1,6903.5,BTC-PERPETUAL,6906.7,buy,400.0,
44769213,72076932,1586650204678,1,6903.5,BTC-PERPETUAL,6906.7,buy,400.0,
44769214,72076933,1586650204678,1,6903.5,BTC-PERPETUAL,6906.7,buy,2700.0,
44769215,72076937,1586650215525,1,6903.5,BTC-PERPETUAL,6907.32,buy,20.0,
44769216,72076938,1586650215525,1,6903.5,BTC-PERPETUAL,6907.32,buy,1580.0,
44769217,72076939,1586650216217,1,6903.5,BTC-PERPETUAL,6907.39,buy,50.0,
44769218,72076940,1586650216217,1,6903.5,BTC-PERPETUAL,6907.39,buy,510.0,
44769219,72076943,1586650219188,1,6903.5,BTC-PERPETUAL,6908.04,buy,280.0,
44769220,72076946,1586650222818,1,6903.5,BTC-PERPETUAL,6908.13,buy,210.0,
44769221,72076947,1586650222818,1,6903.5,BTC-PERPETUAL,6908.13,buy,20.0,
44769222,72076948,1586650222818,1,6903.5,BTC-PERPETUAL,6908.13,buy,10.0,
44769223,72076949,1586650222818,1,6903.5,BTC-PERPETUAL,6908.13,buy,40.0,
44769224,72076962,1586650227855,2,6903.0,BTC-PERPETUAL,6908.21,sell,10.0,
44769225,72076963,1586650227855,3,6903.0,BTC-PERPETUAL,6908.21,sell,1290.0,
44769226,72076967,1586650227914,3,6903.0,BTC-PERPETUAL,6908.21,sell,1210.0,
44769227,72076968,1586650227914,3,6903.0,BTC-PERPETUAL,6908.21,sell,10.0,
44769228,72076969,1586650227914,3,6903.0,BTC-PERPETUAL,6908.21,sell,380.0,
44769229,72076970,1586650239004,3,6903.0,BTC-PERPETUAL,6905.23,sell,620.0,
44769230,72076971,1586650239004,3,6903.0,BTC-PERPETUAL,6905.23,sell,10.0,
44769231,72076972,1586650239004,3,6903.0,BTC-PERPETUAL,6905.23,sell,880.0,
44769232,72076973,1586650239004,3,6903.0,BTC-PERPETUAL,6905.23,sell,20.0,
44769233,72076974,1586650239004,3,6903.0,BTC-PERPETUAL,6905.23,sell,10.0,
44769234,72076975,1586650239004,3,6903.0,BTC-PERPETUAL,6905.23,sell,80.0,
44769235,72076976,1586650239004,3,6903.0,BTC-PERPETUAL,6905.23,sell,2500.0,
44769236,72076977,1586650239004,3,6903.0,BTC-PERPETUAL,6905.23,sell,10.0,
44769237,72076978,1586650239004,2,6902.5,BTC-PERPETUAL,6905.23,sell,10.0,
44769238,72076979,1586650239004,3,6902.5,BTC-PERPETUAL,6905.23,sell,200.0,
44769239,72076980,1586650239004,3,6902.5,BTC-PERPETUAL,6905.23,sell,70.0,
44769240,72076981,1586650239004,3,6902.5,BTC-PERPETUAL,6905.23,sell,2500.0,
44769241,72076982,1586650239004,2,6901.5,BTC-PERPETUAL,6905.23,sell,10.0,
44769242,72076983,1586650239004,3,6901.5,BTC-PERPETUAL,6905.23,sell,10.0,
44769243,72076984,1586650239004,3,6901.5,BTC-PERPETUAL,6905.23,sell,110.0,
44769244,72076985,1586650239004,3,6901.5,BTC-PERPETUAL,6905.23,sell,960.0,
44769245,72076986,1586650239014,3,6901.5,BTC-PERPETUAL,6905.23,sell,10.0,
44769246,72076987,1586650239745,3,6901.5,BTC-PERPETUAL,6905.12,sell,760.0,
44769247,72076991,1586650239879,3,6901.5,BTC-PERPETUAL,6905.12,sell,710.0,
44769248,72076992,1586650239879,3,6901.5,BTC-PERPETUAL,6905.12,sell,70.0,
44769249,72076993,1586650239879,3,6901.5,BTC-PERPETUAL,6905.12,sell,10.0,
44769250,72076994,1586650239879,2,6901.0,BTC-PERPETUAL,6905.12,sell,10.0,
44769251,72076995,1586650239879,3,6901.0,BTC-PERPETUAL,6905.12,sell,100.0,
44769252,72076996,1586650239879,2,6900.5,BTC-PERPETUAL,6905.12,sell,10.0,
44769253,72076997,1586650239879,3,6900.5,BTC-PERPETUAL,6905.12,sell,10.0,
44769254,72076998,1586650239879,3,6900.5,BTC-PERPETUAL,6905.12,sell,200.0,
44769255,72076999,1586650239879,2,6900.0,BTC-PERPETUAL,6905.12,sell,1970.0,
44769256,72077001,1586650250651,0,6900.5,BTC-PERPETUAL,6904.03,buy,10.0,
44769257,72077002,1586650250651,1,6900.5,BTC-PERPETUAL,6904.03,buy,60.0,
44769258,72077003,1586650260156,2,6900.0,BTC-PERPETUAL,6902.96,sell,220.0,
44769259,72077004,1586650260156,3,6900.0,BTC-PERPETUAL,6902.96,sell,10.0,
44769260,72077005,1586650260156,3,6900.0,BTC-PERPETUAL,6902.96,sell,10.0,
44769261,72077006,1586650260156,3,6900.0,BTC-PERPETUAL,6902.96,sell,10.0,
44769262,72077007,1586650260156,2,6899.5,BTC-PERPETUAL,6902.96,sell,10.0,
44769263,72077008,1586650260156,3,6899.5,BTC-PERPETUAL,6902.96,sell,10.0,
44769264,72077009,1586650260156,3,6899.5,BTC-PERPETUAL,6902.96,sell,10.0,
44769265,72077010,1586650260156,2,6899.0,BTC-PERPETUAL,6902.96,sell,10.0,
44769266,72077011,1586650260156,3,6899.0,BTC-PERPETUAL,6902.96,sell,250.0,
44769267,72077012,1586650260156,3,6899.0,BTC-PERPETUAL,6902.96,sell,5850.0,
44769268,72077013,1586650260156,2,6898.5,BTC-PERPETUAL,6902.96,sell,10.0,
44769269,72077014,1586650260156,2,6898.0,BTC-PERPETUAL,6902.96,sell,1000.0,
44769270,72077015,1586650260156,3,6898.0,BTC-PERPETUAL,6902.96,sell,500.0,
44769271,72077016,1586650260156,3,6898.0,BTC-PERPETUAL,6902.96,sell,10.0,
44769272,72077017,1586650260156,3,6898.0,BTC-PERPETUAL,6902.96,sell,60.0,
44769273,72077018,1586650260156,3,6898.0,BTC-PERPETUAL,6902.96,sell,10.0,
44769274,72077019,1586650260156,2,6897.5,BTC-PERPETUAL,6902.96,sell,20.0,
44769275,72077024,1586650266175,0,6898.0,BTC-PERPETUAL,6902.21,sell,10.0,
44769276,72077025,1586650266175,1,6898.0,BTC-PERPETUAL,6902.21,sell,1780.0,
44769277,72077026,1586650266199,1,6898.0,BTC-PERPETUAL,6902.21,sell,1710.0,
44769278,72077027,1586650267669,1,6898.0,BTC-PERPETUAL,6902.14,sell,1100.0,
44769279,72077030,1586650289617,1,6898.0,BTC-PERPETUAL,6901.53,sell,100.0,
44769280,72077031,1586650289617,1,6898.0,BTC-PERPETUAL,6901.53,sell,10.0,
44769281,72077032,1586650289617,1,6898.0,BTC-PERPETUAL,6901.53,sell,10.0,
44769282,72077033,1586650289617,1,6898.0,BTC-PERPETUAL,6901.53,sell,10.0,
44769283,72077034,1586650289617,1,6898.0,BTC-PERPETUAL,6901.53,sell,10.0,
44769284,72077035,1586650289617,1,6898.0,BTC-PERPETUAL,6901.53,sell,610.0,
44769285,72077037,1586650295779,1,6898.0,BTC-PERPETUAL,6900.02,sell,10.0,
44769286,72077038,1586650297402,0,6898.5,BTC-PERPETUAL,6900.2,buy,20.0,
44769287,72077039,1586650297402,1,6898.5,BTC-PERPETUAL,6900.2,buy,10.0,
44769288,72077040,1586650297402,1,6898.5,BTC-PERPETUAL,6900.2,buy,40.0,
44769289,72077050,1586650323209,2,6898.0,BTC-PERPETUAL,6899.34,sell,10.0,
44769290,72077051,1586650323209,3,6898.0,BTC-PERPETUAL,6899.34,sell,10.0,
44769291,72077052,1586650323209,3,6898.0,BTC-PERPETUAL,6899.34,sell,10.0,
44769292,72077053,1586650323209,3,6898.0,BTC-PERPETUAL,6899.34,sell,10.0,
44769293,72077054,1586650323209,3,6898.0,BTC-PERPETUAL,6899.34,sell,10.0,
44769294,72077055,1586650323209,3,6898.0,BTC-PERPETUAL,6899.34,sell,20.0,
44769295,72077056,1586650338115,3,6898.0,BTC-PERPETUAL,6899.13,sell,70.0,
44769296,72077057,1586650339638,3,6898.0,BTC-PERPETUAL,6899.14,sell,30.0,
44769297,72077058,1586650339638,3,6898.0,BTC-PERPETUAL,6899.14,sell,20.0,
44769298,72077059,1586650339638,3,6898.0,BTC-PERPETUAL,6899.14,sell,10.0,
44769299,72077060,1586650339638,3,6898.0,BTC-PERPETUAL,6899.14,sell,500.0,
44769300,72077061,1586650339638,3,6898.0,BTC-PERPETUAL,6899.14,sell,10.0,
44769301,72077062,1586650339638,2,6897.5,BTC-PERPETUAL,6899.14,sell,770.0,
44769302,72077063,1586650339638,3,6897.5,BTC-PERPETUAL,6899.14,sell,30.0,
44769303,72077064,1586650339638,3,6897.5,BTC-PERPETUAL,6899.14,sell,10.0,
44769304,72077065,1586650339638,3,6897.5,BTC-PERPETUAL,6899.14,sell,650.0,
44769305,72077066,1586650339638,3,6897.5,BTC-PERPETUAL,6899.14,sell,700.0,
44769306,72077067,1586650339638,3,6897.5,BTC-PERPETUAL,6899.14,sell,20.0,
44769307,72077068,1586650339638,3,6897.5,BTC-PERPETUAL,6899.14,sell,20.0,
44769308,72077069,1586650339638,3,6897.5,BTC-PERPETUAL,6899.14,sell,20.0,
44769309,72077070,1586650339638,3,6897.5,BTC-PERPETUAL,6899.14,sell,20.0,
44769310,72077071,1586650339638,3,6897.5,BTC-PERPETUAL,6899.14,sell,20.0,
44769311,72077072,1586650339638,3,6897.5,BTC-PERPETUAL,6899.14,sell,20.0,
44769312,72077073,1586650339638,3,6897.5,BTC-PERPETUAL,6899.14,sell,20.0,
44769313,72077074,1586650339638,3,6897.5,BTC-PERPETUAL,6899.14,sell,20.0,
44769314,72077075,1586650339638,2,6897.0,BTC-PERPETUAL,6899.14,sell,770.0,
44769315,72077076,1586650339638,2,6896.5,BTC-PERPETUAL,6899.14,sell,770.0,
44769316,72077077,1586650339638,3,6896.5,BTC-PERPETUAL,6899.14,sell,120.0,
44769317,72077078,1586650339638,3,6896.5,BTC-PERPETUAL,6899.14,sell,1160.0,
44769318,72077079,1586650339638,3,6896.5,BTC-PERPETUAL,6899.14,sell,10.0,
44769319,72077080,1586650339638,3,6896.5,BTC-PERPETUAL,6899.14,sell,10.0,
44769320,72077081,1586650339638,2,6896.0,BTC-PERPETUAL,6899.14,sell,20.0,
44769321,72077082,1586650339638,3,6896.0,BTC-PERPETUAL,6899.14,sell,10.0,
44769322,72077083,1586650339638,3,6896.0,BTC-PERPETUAL,6899.14,sell,100.0,
44769323,72077084,1586650339638,3,6896.0,BTC-PERPETUAL,6899.14,sell,410.0,
44769324,72077085,1586650340393,3,6896.0,BTC-PERPETUAL,6899.13,sell,10.0,
44769325,72077086,1586650342658,3,6896.0,BTC-PERPETUAL,6899.03,sell,350.0,
44769326,72077087,1586650342658,3,6896.0,BTC-PERPETUAL,6899.03,sell,10.0,
44769327,72077088,1586650342658,3,6896.0,BTC-PERPETUAL,6899.03,sell,1000.0,
44769328,72077089,1586650342658,3,6896.0,BTC-PERPETUAL,6899.03,sell,500.0,
44769329,72077090,1586650342658,3,6896.0,BTC-PERPETUAL,6899.03,sell,20.0,
44769330,72077091,1586650342658,3,6896.0,BTC-PERPETUAL,6899.03,sell,5200.0,
44769331,72077092,1586650342658,3,6896.0,BTC-PERPETUAL,6899.03,sell,20.0,
44769332,72077093,1586650342658,3,6896.0,BTC-PERPETUAL,6899.03,sell,6500.0,
44769333,72077094,1586650342658,3,6896.0,BTC-PERPETUAL,6899.03,sell,20.0,
44769334,72077095,1586650342658,3,6896.0,BTC-PERPETUAL,6899.03,sell,2500.0,
44769335,72077096,1586650342658,2,6895.5,BTC-PERPETUAL,6899.03,sell,770.0,
44769336,72077097,1586650342658,3,6895.5,BTC-PERPETUAL,6899.03,sell,10.0,
44769337,72077098,1586650342658,2,6895.0,BTC-PERPETUAL,6899.03,sell,1770.0,
44769338,72077099,1586650342658,3,6895.0,BTC-PERPETUAL,6899.03,sell,10.0,
44769339,72077100,1586650342658,3,6895.0,BTC-PERPETUAL,6899.03,sell,10.0,
44769340,72077101,1586650342658,3,6895.0,BTC-PERPETUAL,6899.03,sell,500.0,
44769341,72077102,1586650342658,3,6895.0,BTC-PERPETUAL,6899.03,sell,810.0,
44769342,72077126,1586650356549,3,6895.0,BTC-PERPETUAL,6896.35,sell,20.0,
44769343,72077127,1586650356549,3,6895.0,BTC-PERPETUAL,6896.35,sell,10.0,
44769344,72077128,1586650356549,2,6894.5,BTC-PERPETUAL,6896.35,sell,40.0,
44769345,72077129,1586650370439,0,6895.0,BTC-PERPETUAL,6895.77,buy,420.0,
44769346,72077132,1586650371342,2,6894.5,BTC-PERPETUAL,6895.62,sell,730.0,
44769347,72077133,1586650371342,3,6894.5,BTC-PERPETUAL,6895.62,sell,400.0,
44769348,72077134,1586650371342,3,6894.5,BTC-PERPETUAL,6895.62,sell,520.0,
44769349,72077135,1586650371342,3,6894.5,BTC-PERPETUAL,6895.62,sell,40.0,
44769350,72077136,1586650371342,3,6894.5,BTC-PERPETUAL,6895.62,sell,10.0,
44769351,72077137,1586650371342,2,6894.0,BTC-PERPETUAL,6895.62,sell,20.0,
44769352,72077138,1586650371342,3,6894.0,BTC-PERPETUAL,6895.62,sell,10.0,
44769353,72077139,1586650371342,3,6894.0,BTC-PERPETUAL,6895.62,sell,770.0,
44769354,72077140,1586650371342,3,6894.0,BTC-PERPETUAL,6895.62,sell,410.0,
44769355,72077141,1586650371342,3,6894.0,BTC-PERPETUAL,6895.62,sell,120.0,
44769356,72077142,1586650371342,3,6894.0,BTC-PERPETUAL,6895.62,sell,10.0,
44769357,72077143,1586650371342,2,6893.5,BTC-PERPETUAL,6895.62,sell,770.0,
44769358,72077144,1586650371342,3,6893.5,BTC-PERPETUAL,6895.62,sell,10.0,
44769359,72077146,1586650381557,3,6893.5,BTC-PERPETUAL,6895.88,buy,460.0,
44769360,72077147,1586650381557,3,6893.5,BTC-PERPETUAL,6895.88,buy,40.0,
44769361,72077151,1586650387377,2,6893.0,BTC-PERPETUAL,6894.65,sell,770.0,
44769362,72077152,1586650387377,3,6893.0,BTC-PERPETUAL,6894.65,sell,120.0,
44769363,72077153,1586650387377,3,6893.0,BTC-PERPETUAL,6894.65,sell,410.0,
44769364,72077154,1586650387377,3,6893.0,BTC-PERPETUAL,6894.65,sell,40.0,
44769365,72077155,1586650387377,3,6893.0,BTC-PERPETUAL,6894.65,sell,100.0,
44769366,72077166,1586650408919,2,6892.5,BTC-PERPETUAL,6892.96,sell,770.0,
44769367,72077167,1586650408919,3,6892.5,BTC-PERPETUAL,6892.96,sell,10.0,
44769368,72077168,1586650408919,3,6892.5,BTC-PERPETUAL,6892.96,sell,500.0,
44769369,72077169,1586650408919,3,6892.5,BTC-PERPETUAL,6892.96,sell,500.0,
44769370,72077170,1586650408919,3,6892.5,BTC-PERPETUAL,6892.96,sell,30.0,
44769371,72077171,1586650408919,3,6892.5,BTC-PERPETUAL,6892.96,sell,3460.0,
44769372,72077180,1586650440684,3,6892.5,BTC-PERPETUAL,6891.99,sell,10.0,
44769373,72077181,1586650440684,3,6892.5,BTC-PERPETUAL,6891.99,sell,10.0,
44769374,72077182,1586650440684,3,6892.5,BTC-PERPETUAL,6891.99,sell,5440.0,
44769375,72077183,1586650440805,3,6892.5,BTC-PERPETUAL,6891.99,sell,220.0,
44769376,72077184,1586650440822,3,6892.5,BTC-PERPETUAL,6891.99,sell,990.0,
44769377,72077185,1586650440822,3,6892.5,BTC-PERPETUAL,6891.99,sell,10.0,
44769378,72077186,1586650440822,3,6892.5,BTC-PERPETUAL,6891.99,sell,30.0,
44769379,72077187,1586650440822,3,6892.5,BTC-PERPETUAL,6891.99,sell,20.0,
44769380,72077188,1586650440901,2,6892.0,BTC-PERPETUAL,6891.99,sell,600.0,
44769381,72077189,1586650440910,3,6892.0,BTC-PERPETUAL,6891.99,sell,10.0,
44769382,72077190,1586650440912,3,6892.0,BTC-PERPETUAL,6891.99,sell,160.0,
44769383,72077191,1586650440912,3,6892.0,BTC-PERPETUAL,6891.99,sell,160.0,
44769384,72077192,1586650440912,3,6892.0,BTC-PERPETUAL,6891.99,sell,10.0,
44769385,72077193,1586650440912,3,6892.0,BTC-PERPETUAL,6891.99,sell,10.0,
44769386,72077194,1586650440957,2,6891.5,BTC-PERPETUAL,6891.99,sell,1010.0,
44769387,72077196,1586650440973,3,6891.5,BTC-PERPETUAL,6891.99,sell,500.0,
44769388,72077197,1586650440996,3,6891.5,BTC-PERPETUAL,6891.99,sell,610.0,
44769389,72077198,1586650441014,3,6891.5,BTC-PERPETUAL,6891.99,sell,1930.0,
44769390,72077200,1586650441022,3,6891.5,BTC-PERPETUAL,6891.99,sell,200.0,
44769391,72077201,1586650441023,3,6891.5,BTC-PERPETUAL,6891.99,sell,3900.0,
44769392,72077202,1586650441024,3,6891.5,BTC-PERPETUAL,6891.99,sell,300.0,
44769393,72077203,1586650441025,3,6891.5,BTC-PERPETUAL,6891.99,sell,100.0,
44769394,72077204,1586650441026,3,6891.5,BTC-PERPETUAL,6891.99,sell,600.0,
44769395,72077205,1586650441027,3,6891.5,BTC-PERPETUAL,6891.99,sell,2100.0,
44769396,72077206,1586650441033,3,6891.5,BTC-PERPETUAL,6891.99,sell,1200.0,
44769397,72077207,1586650441037,3,6891.5,BTC-PERPETUAL,6891.99,sell,350.0,
44769398,72077208,1586650441038,3,6891.5,BTC-PERPETUAL,6891.99,sell,1200.0,
44769399,72077209,1586650441039,3,6891.5,BTC-PERPETUAL,6891.99,sell,650.0,
44769400,72077210,1586650441039,3,6891.5,BTC-PERPETUAL,6891.99,sell,300.0,
44769401,72077211,1586650441041,3,6891.5,BTC-PERPETUAL,6891.99,sell,900.0,
44769402,72077213,1586650441043,3,6891.5,BTC-PERPETUAL,6891.99,sell,200.0,
44769403,72077214,1586650441045,3,6891.5,BTC-PERPETUAL,6891.99,sell,1400.0,
44769404,72077215,1586650441046,3,6891.5,BTC-PERPETUAL,6891.99,sell,500.0,
44769405,72077216,1586650441068,3,6891.5,BTC-PERPETUAL,6891.99,sell,200.0,
44769406,72077217,1586650441069,3,6891.5,BTC-PERPETUAL,6891.99,sell,1400.0,
44769407,72077218,1586650441070,3,6891.5,BTC-PERPETUAL,6891.99,sell,100.0,
44769408,72077219,1586650441071,3,6891.5,BTC-PERPETUAL,6891.99,sell,500.0,
44769409,72077220,1586650441072,3,6891.5,BTC-PERPETUAL,6891.99,sell,100.0,
44769410,72077221,1586650441090,3,6891.5,BTC-PERPETUAL,6891.99,sell,100.0,
44769411,72077222,1586650441092,3,6891.5,BTC-PERPETUAL,6891.99,sell,100.0,
44769412,72077223,1586650441093,3,6891.5,BTC-PERPETUAL,6891.99,sell,100.0,
44769413,72077224,1586650441112,3,6891.5,BTC-PERPETUAL,6891.99,sell,200.0,
44769414,72077225,1586650441123,3,6891.5,BTC-PERPETUAL,6891.99,sell,2710.0,
44769415,72077226,1586650441124,3,6891.5,BTC-PERPETUAL,6891.99,sell,200.0,
44769416,72077227,1586650441125,3,6891.5,BTC-PERPETUAL,6891.99,sell,100.0,
44769417,72077228,1586650441126,3,6891.5,BTC-PERPETUAL,6891.99,sell,400.0,
44769418,72077229,1586650441128,3,6891.5,BTC-PERPETUAL,6891.99,sell,100.0,
44769419,72077230,1586650441129,3,6891.5,BTC-PERPETUAL,6891.99,sell,500.0,
44769420,72077231,1586650441130,3,6891.5,BTC-PERPETUAL,6891.99,sell,200.0,
44769421,72077232,1586650441132,3,6891.5,BTC-PERPETUAL,6891.99,sell,100.0,
44769422,72077233,1586650441187,3,6891.5,BTC-PERPETUAL,6891.99,sell,920.0,
44769423,72077234,1586650441236,3,6891.5,BTC-PERPETUAL,6891.99,sell,1000.0,
44769424,72077235,1586650441313,3,6891.5,BTC-PERPETUAL,6891.99,sell,250.0,
44769425,72077236,1586650441323,3,6891.5,BTC-PERPETUAL,6891.99,sell,6890.0,
44769426,72077237,1586650441358,3,6891.5,BTC-PERPETUAL,6891.99,sell,900.0,
44769427,72077244,1586650441371,3,6891.5,BTC-PERPETUAL,6891.99,sell,12630.0,
44769428,72077245,1586650441371,3,6891.5,BTC-PERPETUAL,6891.99,sell,10.0,
44769429,72077246,1586650441371,3,6891.5,BTC-PERPETUAL,6891.99,sell,70.0,
44769430,72077247,1586650441371,3,6891.5,BTC-PERPETUAL,6891.99,sell,770.0,
44769431,72077248,1586650441371,3,6891.5,BTC-PERPETUAL,6891.99,sell,30.0,
44769432,72077249,1586650441371,3,6891.5,BTC-PERPETUAL,6891.99,sell,100.0,
44769433,72077250,1586650441371,3,6891.5,BTC-PERPETUAL,6891.99,sell,100.0,
44769434,72077251,1586650441371,3,6891.5,BTC-PERPETUAL,6891.99,sell,10.0,
44769435,72077252,1586650441371,3,6891.5,BTC-PERPETUAL,6891.99,sell,10.0,
44769436,72077253,1586650441385,2,6891.0,BTC-PERPETUAL,6891.99,sell,770.0,
44769437,72077254,1586650441385,3,6891.0,BTC-PERPETUAL,6891.99,sell,410.0,
44769438,72077255,1586650441385,3,6891.0,BTC-PERPETUAL,6891.99,sell,120.0,
44769439,72077256,1586650441385,3,6891.0,BTC-PERPETUAL,6891.99,sell,10.0,
44769440,72077257,1586650441412,2,6890.5,BTC-PERPETUAL,6891.99,sell,90.0,
44769441,72077259,1586650441460,3,6890.5,BTC-PERPETUAL,6891.99,sell,680.0,
44769442,72077260,1586650441460,3,6890.5,BTC-PERPETUAL,6891.99,sell,10.0,
44769443,72077261,1586650441460,2,6890.0,BTC-PERPETUAL,6891.99,sell,100.0,
44769444,72077262,1586650441460,3,6890.0,BTC-PERPETUAL,6891.99,sell,770.0,
44769445,72077263,1586650441460,3,6890.0,BTC-PERPETUAL,6891.99,sell,10.0,
44769446,72077264,1586650441460,3,6890.0,BTC-PERPETUAL,6891.99,sell,1000.0,
44769447,72077265,1586650441460,3,6890.0,BTC-PERPETUAL,6891.99,sell,10.0,
44769448,72077266,1586650441460,3,6890.0,BTC-PERPETUAL,6891.99,sell,830.0,
44769449,72077267,1586650441460,2,6889.5,BTC-PERPETUAL,6891.99,sell,100.0,
44769450,72077268,1586650441460,3,6889.5,BTC-PERPETUAL,6891.99,sell,10.0,
44769451,72077269,1586650441460,3,6889.5,BTC-PERPETUAL,6891.99,sell,180.0,
44769452,72077270,1586650441460,2,6889.0,BTC-PERPETUAL,6891.99,sell,40.0,
44769453,72077271,1586650441460,3,6889.0,BTC-PERPETUAL,6891.99,sell,100.0,
44769454,72077272,1586650441460,3,6889.0,BTC-PERPETUAL,6891.99,sell,160.0,
44769455,72077273,1586650441460,3,6889.0,BTC-PERPETUAL,6891.99,sell,210.0,
44769456,72077274,1586650441460,3,6889.0,BTC-PERPETUAL,6891.99,sell,100.0,
44769457,72077275,1586650441460,3,6889.0,BTC-PERPETUAL,6891.99,sell,10.0,
44769458,72077276,1586650441460,3,6889.0,BTC-PERPETUAL,6891.99,sell,1880.0,
44769459,72077278,1586650441551,3,6889.0,BTC-PERPETUAL,6891.99,sell,1520.0,
44769460,72077289,1586650442021,3,6889.0,BTC-PERPETUAL,6889.88,sell,1430.0,
