trade_seq,trade_id,timestamp,tick_direction,price,instrument_name,index_price,direction,amount
11779917,ETH-15077925,1586390408819,1,173.35,ETH-PERPETUAL,173.41,sell,1.0
11779918,ETH-15077926,1586390408819,1,173.35,ETH-PERPETUAL,173.41,sell,1.0
11779919,ETH-15077927,1586390408819,1,173.35,ETH-PERPETUAL,173.41,sell,691.0
11779920,ETH-15077928,1586390417796,0,173.4,ETH-PERPETUAL,173.37,buy,20.0
11779921,ETH-15077929,1586390417796,1,173.4,ETH-PERPETUAL,173.37,buy,90.0
11779922,ETH-15077930,1586390417796,1,173.4,ETH-PERPETUAL,173.37,buy,4.0
11779923,ETH-15077931,1586390417796,1,173.4,ETH-PERPETUAL,173.37,buy,3.0
11779924,ETH-15077932,1586390417796,1,173.4,ETH-PERPETUAL,173.37,buy,495.0
11779925,ETH-15077933,1586390418220,1,173.4,ETH-PERPETUAL,173.37,buy,28.0
11779926,ETH-15077934,1586390420599,1,173.4,ETH-PERPETUAL,173.37,buy,648.0
11779927,ETH-15077935,1586390423655,1,173.4,ETH-PERPETUAL,173.38,sell,100.0
11779928,ETH-15077936,1586390423655,1,173.4,ETH-PERPETUAL,173.38,sell,116.0
11779929,ETH-15077937,1586390427398,2,173.35,ETH-PERPETUAL,173.37,sell,1.0
11779930,ETH-15077938,1586390427398,3,173.35,ETH-PERPETUAL,173.37,sell,1.0
11779931,ETH-15077939,1586390427398,3,173.35,ETH-PERPETUAL,173.37,sell,900.0
11779932,ETH-15077940,1586390428831,2,173.3,ETH-PERPETUAL,173.33,sell,110.0
11779933,ETH-15077941,1586390428831,3,173.3,ETH-PERPETUAL,173.33,sell,1.0
11779934,ETH-15077942,1586390428831,2,173.25,ETH-PERPETUAL,173.33,sell,3000.0
11779935,ETH-15077943,1586390428831,3,173.25,ETH-PERPETUAL,173.33,sell,70.0
11779936,ETH-15077944,1586390428831,3,173.25,ETH-PERPETUAL,173.33,sell,2.0
11779937,ETH-15077945,1586390428831,3,173.25,ETH-PERPETUAL,173.33,sell,1.0
11779938,ETH-15077946,1586390428831,3,173.25,ETH-PERPETUAL,173.33,sell,800.0
11779939,ETH-15077947,1586390428831,2,173.2,ETH-PERPETUAL,173.33,sell,2016.0
11779940,ETH-15077948,1586390428844,3,173.2,ETH-PERPETUAL,173.33,sell,984.0
11779941,ETH-15077949,1586390428844,3,173.2,ETH-PERPETUAL,173.33,sell,1.0
11779942,ETH-15077950,1586390428844,3,173.2,ETH-PERPETUAL,173.33,sell,7015.0
11779943,ETH-15077951,1586390431598,3,173.2,ETH-PERPETUAL,173.31,sell,1.0
11779944,ETH-15077952,1586390431598,3,173.2,ETH-PERPETUAL,173.31,sell,7.0
11779945,ETH-15077953,1586390431598,3,173.2,ETH-PERPETUAL,173.31,sell,1.0
11779946,ETH-15077954,1586390431598,3,173.2,ETH-PERPETUAL,173.31,sell,1.0
11779947,ETH-15077955,1586390431712,2,173.15,ETH-PERPETUAL,173.31,sell,300.0
11779948,ETH-15077956,1586390431715,3,173.15,ETH-PERPETUAL,173.31,sell,1706.0
11779949,ETH-15077957,1586390431715,3,173.15,ETH-PERPETUAL,173.31,sell,20.0
11779950,ETH-15077958,1586390431715,3,173.15,ETH-PERPETUAL,173.31,sell,1.0
11779951,ETH-15077959,1586390431715,3,173.15,ETH-PERPETUAL,173.31,sell,800.0
11779952,ETH-15077962,1586390431795,2,173.1,ETH-PERPETUAL,173.31,sell,20.0
11779953,ETH-15077963,1586390431795,3,173.1,ETH-PERPETUAL,173.31,sell,3.0
11779954,ETH-15077964,1586390431795,3,173.1,ETH-PERPETUAL,173.31,sell,800.0
11779955,ETH-15077965,1586390431795,2,173.05,ETH-PERPETUAL,173.31,sell,20.0
11779956,ETH-15077966,1586390431795,3,173.05,ETH-PERPETUAL,173.31,sell,407.0
11779957,ETH-15077967,1586390432084,0,173.1,ETH-PERPETUAL,173.31,sell,800.0
11779958,ETH-15077968,1586390432084,1,173.1,ETH-PERPETUAL,173.31,sell,1500.0
11779959,ETH-15077969,1586390432084,1,173.1,ETH-PERPETUAL,173.31,sell,1.0
11779960,ETH-15077970,1586390432084,2,173.05,ETH-PERPETUAL,173.31,sell,10578.0
11779961,ETH-15077974,1586390432194,3,173.05,ETH-PERPETUAL,173.31,sell,1350.0
11779962,ETH-15077975,1586390432623,3,173.05,ETH-PERPETUAL,173.22,sell,800.0
11779963,ETH-15077976,1586390432623,3,173.05,ETH-PERPETUAL,173.22,sell,72.0
11779964,ETH-15077979,1586390432932,3,173.05,ETH-PERPETUAL,173.22,sell,227.0
11779965,ETH-15077980,1586390433071,3,173.05,ETH-PERPETUAL,173.22,sell,327.0
11779966,ETH-15077981,1586390433071,3,173.05,ETH-PERPETUAL,173.22,sell,1.0
11779967,ETH-15077982,1586390433392,2,173.0,ETH-PERPETUAL,173.22,sell,20.0
11779968,ETH-15077983,1586390433392,3,173.0,ETH-PERPETUAL,173.22,sell,656.0
11779969,ETH-15077984,1586390433392,3,173.0,ETH-PERPETUAL,173.22,sell,800.0
11779970,ETH-15077985,1586390433392,3,173.0,ETH-PERPETUAL,173.22,sell,1.0
11779971,ETH-15077991,1586390434474,3,173.0,ETH-PERPETUAL,173.14,buy,100.0
11779972,ETH-15077992,1586390438966,3,173.0,ETH-PERPETUAL,173.08,sell,505.0
11779973,ETH-15077993,1586390439188,0,173.1,ETH-PERPETUAL,173.08,buy,514.0
11779974,ETH-15077994,1586390439575,2,172.95,ETH-PERPETUAL,173.07,sell,2006.0
11779975,ETH-15077995,1586390439575,3,172.95,ETH-PERPETUAL,173.07,sell,1.0
11779976,ETH-15077996,1586390439575,3,172.95,ETH-PERPETUAL,173.07,sell,30.0
11779977,ETH-15077997,1586390439575,3,172.95,ETH-PERPETUAL,173.07,sell,10.0
11779978,ETH-15078001,1586390439628,2,172.9,ETH-PERPETUAL,173.07,sell,20.0
11779979,ETH-15078002,1586390439628,3,172.9,ETH-PERPETUAL,173.07,sell,80.0
11779980,ETH-15078003,1586390439731,3,172.9,ETH-PERPETUAL,173.07,sell,10.0
11779981,ETH-15078004,1586390439731,3,172.9,ETH-PERPETUAL,173.07,sell,1.0
11779982,ETH-15078005,1586390439731,3,172.9,ETH-PERPETUAL,173.07,sell,1238.0
11779983,ETH-15078006,1586390439732,3,172.9,ETH-PERPETUAL,173.07,sell,623.0
11779984,ETH-15078007,1586390439745,3,172.9,ETH-PERPETUAL,173.07,sell,2800.0
11779985,ETH-15078008,1586390439746,3,172.9,ETH-PERPETUAL,173.07,sell,500.0
11779986,ETH-15078009,1586390439748,3,172.9,ETH-PERPETUAL,173.07,sell,26.0
11779987,ETH-15078010,1586390439759,2,172.85,ETH-PERPETUAL,173.07,sell,20.0
11779988,ETH-15078011,1586390439759,3,172.85,ETH-PERPETUAL,173.07,sell,1.0
11779989,ETH-15078012,1586390439759,3,172.85,ETH-PERPETUAL,173.07,sell,574.0
11779990,ETH-15078013,1586390439759,3,172.85,ETH-PERPETUAL,173.07,sell,5000.0
11779991,ETH-15078014,1586390439759,3,172.85,ETH-PERPETUAL,173.07,sell,800.0
11779992,ETH-15078018,1586390439778,3,172.85,ETH-PERPETUAL,173.07,sell,800.0
11779993,ETH-15078019,1586390439778,2,172.8,ETH-PERPETUAL,173.07,sell,2.0
11779994,ETH-15078020,1586390439778,3,172.8,ETH-PERPETUAL,173.07,sell,20.0
11779995,ETH-15078021,1586390439778,3,172.8,ETH-PERPETUAL,173.07,sell,20.0
11779996,ETH-15078022,1586390439778,3,172.8,ETH-PERPETUAL,173.07,sell,20.0
11779997,ETH-15078023,1586390439778,3,172.8,ETH-PERPETUAL,173.07,sell,1.0
11779998,ETH-15078024,1586390439778,3,172.8,ETH-PERPETUAL,173.07,sell,487.0
11779999,ETH-15078027,1586390439805,0,172.85,ETH-PERPETUAL,173.07,sell,800.0
11780000,ETH-15078029,1586390439824,0,172.9,ETH-PERPETUAL,173.07,sell,19.0
11780001,ETH-15078030,1586390439824,2,172.85,ETH-PERPETUAL,173.07,sell,781.0
11780002,ETH-15078031,1586390439824,3,172.85,ETH-PERPETUAL,173.07,sell,19.0
11780003,ETH-15078035,1586390439887,3,172.85,ETH-PERPETUAL,173.07,sell,800.0
11780004,ETH-15078036,1586390439887,3,172.85,ETH-PERPETUAL,173.07,sell,5804.0
11780005,ETH-15078037,1586390439944,3,172.85,ETH-PERPETUAL,173.07,sell,1250.0
11780006,ETH-15078039,1586390440563,0,172.9,ETH-PERPETUAL,173.0,sell,1250.0
11780007,ETH-15078040,1586390440763,1,172.9,ETH-PERPETUAL,173.0,sell,756.0
11780008,ETH-15078041,1586390440763,1,172.9,ETH-PERPETUAL,173.0,sell,90.0
11780009,ETH-15078042,1586390442669,2,172.8,ETH-PERPETUAL,172.93,sell,20.0
11780010,ETH-15078043,1586390442669,3,172.8,ETH-PERPETUAL,172.93,sell,1.0
11780011,ETH-15078044,1586390442669,2,172.75,ETH-PERPETUAL,172.93,sell,1.0
11780012,ETH-15078045,1586390442669,3,172.75,ETH-PERPETUAL,172.93,sell,20.0
11780013,ETH-15078046,1586390442669,3,172.75,ETH-PERPETUAL,172.93,sell,1.0
11780014,ETH-15078047,1586390442669,2,172.7,ETH-PERPETUAL,172.93,sell,90.0
11780015,ETH-15078048,1586390442669,3,172.7,ETH-PERPETUAL,172.93,sell,1.0
11780016,ETH-15078049,1586390442669,3,172.7,ETH-PERPETUAL,172.93,sell,1116.0
11780017,ETH-15078050,1586390442703,3,172.7,ETH-PERPETUAL,172.93,sell,206.0
11780018,ETH-15078051,1586390442714,3,172.7,ETH-PERPETUAL,172.93,sell,1251.0
11780019,ETH-15078052,1586390443597,0,172.8,ETH-PERPETUAL,172.9,sell,27.0
11780020,ETH-15078053,1586390444825,2,172.75,ETH-PERPETUAL,172.89,sell,3.0
11780021,ETH-15078054,1586390446479,0,172.8,ETH-PERPETUAL,172.88,sell,90.0
11780022,ETH-15078055,1586390447823,2,172.75,ETH-PERPETUAL,172.8,sell,2.0
11780023,ETH-15078056,1586390447823,3,172.75,ETH-PERPETUAL,172.8,sell,1.0
11780024,ETH-15078057,1586390449414,3,172.75,ETH-PERPETUAL,172.78,buy,800.0
11780025,ETH-15078058,1586390449414,3,172.75,ETH-PERPETUAL,172.78,buy,1206.0
11780026,ETH-15078059,1586390453956,2,172.7,ETH-PERPETUAL,172.77,sell,31.0
11780027,ETH-15078060,1586390453956,3,172.7,ETH-PERPETUAL,172.77,sell,1.0
11780028,ETH-15078061,1586390453956,3,172.7,ETH-PERPETUAL,172.77,sell,1.0
11780029,ETH-15078062,1586390453956,3,172.7,ETH-PERPETUAL,172.77,sell,1.0
11780030,ETH-15078063,1586390453956,3,172.7,ETH-PERPETUAL,172.77,sell,9.0
11780031,ETH-15078064,1586390453968,3,172.7,ETH-PERPETUAL,172.77,sell,1997.0
11780032,ETH-15078065,1586390453968,3,172.7,ETH-PERPETUAL,172.77,sell,1.0
11780033,ETH-15078066,1586390453981,2,172.65,ETH-PERPETUAL,172.77,sell,20.0
11780034,ETH-15078067,1586390453981,3,172.65,ETH-PERPETUAL,172.77,sell,1.0
11780035,ETH-15078068,1586390454005,2,172.6,ETH-PERPETUAL,172.77,sell,1.0
11780036,ETH-15078069,1586390454154,2,172.55,ETH-PERPETUAL,172.77,sell,1.0
11780037,ETH-15078070,1586390454154,3,172.55,ETH-PERPETUAL,172.77,sell,800.0
11780038,ETH-15078071,1586390454154,2,172.5,ETH-PERPETUAL,172.77,sell,90.0
11780039,ETH-15078072,1586390454154,3,172.5,ETH-PERPETUAL,172.77,sell,359.0
11780040,ETH-15078073,1586390454166,3,172.5,ETH-PERPETUAL,172.77,sell,1250.0
11780041,ETH-15078074,1586390454171,3,172.5,ETH-PERPETUAL,172.77,sell,9641.0
11780042,ETH-15078075,1586390454171,3,172.5,ETH-PERPETUAL,172.77,sell,1.0
11780043,ETH-15078076,1586390454171,2,172.45,ETH-PERPETUAL,172.77,sell,1.0
11780044,ETH-15078077,1586390454171,3,172.45,ETH-PERPETUAL,172.77,sell,11638.0
11780045,ETH-15078084,1586390454227,0,172.5,ETH-PERPETUAL,172.77,sell,800.0
11780046,ETH-15078086,1586390454271,2,172.45,ETH-PERPETUAL,172.77,sell,800.0
11780047,ETH-15078087,1586390454271,2,172.4,ETH-PERPETUAL,172.77,sell,450.0
11780048,ETH-15078088,1586390462161,0,172.75,ETH-PERPETUAL,172.71,buy,1.0
11780049,ETH-15078089,1586390462161,0,172.8,ETH-PERPETUAL,172.71,buy,2.0
11780050,ETH-15078090,1586390463749,2,172.75,ETH-PERPETUAL,172.71,buy,1.0
11780051,ETH-15078091,1586390465467,0,172.85,ETH-PERPETUAL,172.73,buy,1120.0
11780052,ETH-15078092,1586390465479,1,172.85,ETH-PERPETUAL,172.73,buy,1880.0
11780053,ETH-15078093,1586390466430,1,172.85,ETH-PERPETUAL,172.77,sell,1.0
11780054,ETH-15078094,1586390467969,0,172.9,ETH-PERPETUAL,172.81,buy,2998.0
11780055,ETH-15078095,1586390467969,1,172.9,ETH-PERPETUAL,172.81,buy,1.0
11780056,ETH-15078096,1586390468181,0,172.95,ETH-PERPETUAL,172.81,buy,1726.0
11780057,ETH-15078097,1586390468181,1,172.95,ETH-PERPETUAL,172.81,buy,23690.0
11780058,ETH-15078098,1586390468381,1,172.95,ETH-PERPETUAL,172.81,buy,1310.0
11780059,ETH-15078099,1586390468381,1,172.95,ETH-PERPETUAL,172.81,buy,953.0
11780060,ETH-15078100,1586390468383,1,172.95,ETH-PERPETUAL,172.81,buy,1547.0
11780061,ETH-15078101,1586390470039,0,173.0,ETH-PERPETUAL,172.9,buy,3000.0
11780062,ETH-15078102,1586390470039,1,173.0,ETH-PERPETUAL,172.9,buy,90.0
11780063,ETH-15078103,1586390470039,1,173.0,ETH-PERPETUAL,172.9,buy,2000.0
11780064,ETH-15078104,1586390470039,1,173.0,ETH-PERPETUAL,172.9,buy,1.0
11780065,ETH-15078105,1586390471431,1,173.0,ETH-PERPETUAL,172.94,sell,1.0
11780066,ETH-15078106,1586390473221,1,173.0,ETH-PERPETUAL,172.97,sell,1.0
11780067,ETH-15078107,1586390475739,0,173.05,ETH-PERPETUAL,173.04,buy,2000.0
11780068,ETH-15078108,1586390475739,1,173.05,ETH-PERPETUAL,173.04,buy,2000.0
11780069,ETH-15078109,1586390475739,1,173.05,ETH-PERPETUAL,173.04,buy,90.0
11780070,ETH-15078110,1586390475739,0,173.1,ETH-PERPETUAL,173.04,buy,3000.0
11780071,ETH-15078111,1586390475739,1,173.1,ETH-PERPETUAL,173.04,buy,1.0
11780072,ETH-15078112,1586390475739,1,173.1,ETH-PERPETUAL,173.04,buy,2000.0
11780073,ETH-15078113,1586390475739,1,173.1,ETH-PERPETUAL,173.04,buy,118.0
11780074,ETH-15078114,1586390475739,0,173.15,ETH-PERPETUAL,173.04,buy,3000.0
11780075,ETH-15078115,1586390475739,1,173.15,ETH-PERPETUAL,173.04,buy,836.0
11780076,ETH-15078116,1586390476457,2,173.1,ETH-PERPETUAL,173.06,sell,99.0
11780077,ETH-15078117,1586390477119,2,173.05,ETH-PERPETUAL,173.04,sell,3.0
11780078,ETH-15078118,1586390478632,2,173.0,ETH-PERPETUAL,173.02,buy,100.0
11780079,ETH-15078119,1586390478632,3,173.0,ETH-PERPETUAL,173.02,buy,800.0
11780080,ETH-15078120,1586390478632,3,173.0,ETH-PERPETUAL,173.02,buy,90.0
11780081,ETH-15078121,1586390478695,3,173.0,ETH-PERPETUAL,173.02,sell,1010.0
11780082,ETH-15078122,1586390480134,2,172.9,ETH-PERPETUAL,172.99,sell,120.0
11780083,ETH-15078123,1586390480134,3,172.9,ETH-PERPETUAL,172.99,sell,2000.0
11780084,ETH-15078124,1586390480134,3,172.9,ETH-PERPETUAL,172.99,sell,144.0
11780085,ETH-15078125,1586390480134,3,172.9,ETH-PERPETUAL,172.99,sell,126.0
11780086,ETH-15078126,1586390480134,3,172.9,ETH-PERPETUAL,172.99,sell,3.0
11780087,ETH-15078127,1586390480134,3,172.9,ETH-PERPETUAL,172.99,sell,14.0
11780088,ETH-15078128,1586390480998,2,172.85,ETH-PERPETUAL,172.93,sell,1189.0
11780089,ETH-15078129,1586390481008,3,172.85,ETH-PERPETUAL,172.93,sell,811.0
11780090,ETH-15078130,1586390481008,3,172.85,ETH-PERPETUAL,172.93,sell,1.0
11780091,ETH-15078131,1586390481585,2,172.75,ETH-PERPETUAL,172.93,sell,1.0
11780092,ETH-15078132,1586390481790,3,172.75,ETH-PERPETUAL,172.93,sell,600.0
11780093,ETH-15078133,1586390482523,0,172.8,ETH-PERPETUAL,172.89,buy,800.0
11780094,ETH-15078134,1586390487469,2,172.75,ETH-PERPETUAL,172.78,sell,1.0
11780095,ETH-15078135,1586390487469,3,172.75,ETH-PERPETUAL,172.78,sell,1.0
11780096,ETH-15078136,1586390487469,3,172.75,ETH-PERPETUAL,172.78,sell,25.0
11780097,ETH-15078137,1586390487469,3,172.75,ETH-PERPETUAL,172.78,sell,1.0
11780098,ETH-15078138,1586390487811,2,172.7,ETH-PERPETUAL,172.78,sell,3.0
11780099,ETH-15078139,1586390487811,3,172.7,ETH-PERPETUAL,172.78,sell,1.0
11780100,ETH-15078140,1586390487811,3,172.7,ETH-PERPETUAL,172.78,sell,796.0
11780101,ETH-15078141,1586390487817,3,172.7,ETH-PERPETUAL,172.78,sell,1204.0
11780102,ETH-15078142,1586390489049,2,172.65,ETH-PERPETUAL,172.71,sell,1.0
11780103,ETH-15078143,1586390489049,3,172.65,ETH-PERPETUAL,172.71,sell,1.0
11780104,ETH-15078144,1586390489049,3,172.65,ETH-PERPETUAL,172.71,sell,1.0
11780105,ETH-15078145,1586390489049,3,172.65,ETH-PERPETUAL,172.71,sell,29.0
11780106,ETH-15078146,1586390489049,2,172.6,ETH-PERPETUAL,172.71,sell,1.0
11780107,ETH-15078147,1586390489049,3,172.6,ETH-PERPETUAL,172.71,sell,1.0
11780108,ETH-15078148,1586390489049,2,172.55,ETH-PERPETUAL,172.71,sell,52.0
11780109,ETH-15078150,1586390497167,0,172.6,ETH-PERPETUAL,172.63,sell,1.0
11780110,ETH-15078151,1586390497167,1,172.6,ETH-PERPETUAL,172.63,sell,27.0
11780111,ETH-15078152,1586390502359,2,172.55,ETH-PERPETUAL,172.64,sell,8.0
11780112,ETH-15078154,1586390519306,0,172.85,ETH-PERPETUAL,172.82,sell,100.0
11780113,ETH-15078155,1586390519538,2,172.8,ETH-PERPETUAL,172.82,sell,1.0
11780114,ETH-15078156,1586390519538,3,172.8,ETH-PERPETUAL,172.82,sell,6.0
11780115,ETH-15078157,1586390521888,2,172.75,ETH-PERPETUAL,172.78,sell,2.0
11780116,ETH-15078158,1586390523225,3,172.75,ETH-PERPETUAL,172.75,sell,12.0
11780117,ETH-15078159,1586390537350,2,172.7,ETH-PERPETUAL,172.69,sell,3.0
11780118,ETH-15078160,1586390537350,3,172.7,ETH-PERPETUAL,172.69,sell,12.0
11780119,ETH-15078161,1586390537350,3,172.7,ETH-PERPETUAL,172.69,sell,1.0
11780120,ETH-15078162,1586390537350,3,172.7,ETH-PERPETUAL,172.69,sell,120.0
11780121,ETH-15078163,1586390545113,2,172.65,ETH-PERPETUAL,172.66,sell,1.0
11780122,ETH-15078164,1586390545113,3,172.65,ETH-PERPETUAL,172.66,sell,2.0
11780123,ETH-15078165,1586390546238,0,172.7,ETH-PERPETUAL,172.65,buy,100.0
11780124,ETH-15078166,1586390546238,1,172.7,ETH-PERPETUAL,172.65,buy,16.0
11780125,ETH-15078167,1586390552851,2,172.65,ETH-PERPETUAL,172.65,sell,198.0
11780126,ETH-15078168,1586390552851,3,172.65,ETH-PERPETUAL,172.65,sell,15.0
11780127,ETH-15078169,1586390552851,3,172.65,ETH-PERPETUAL,172.65,sell,1.0
11780128,ETH-15078170,1586390552851,2,172.55,ETH-PERPETUAL,172.65,sell,30.0
11780129,ETH-15078171,1586390552851,3,172.55,ETH-PERPETUAL,172.65,sell,1.0
11780130,ETH-15078172,1586390552851,3,172.55,ETH-PERPETUAL,172.65,sell,800.0
11780131,ETH-15078173,1586390552851,3,172.55,ETH-PERPETUAL,172.65,sell,1772.0
11780132,ETH-15078174,1586390558167,0,172.65,ETH-PERPETUAL,172.67,buy,100.0
11780133,ETH-15078175,1586390560350,0,172.7,ETH-PERPETUAL,172.68,sell,100.0
11780134,ETH-15078176,1586390560513,1,172.7,ETH-PERPETUAL,172.68,sell,800.0
11780135,ETH-15078177,1586390560529,1,172.7,ETH-PERPETUAL,172.68,sell,800.0
11780136,ETH-15078178,1586390566393,2,172.65,ETH-PERPETUAL,172.66,sell,11.0
11780137,ETH-15078179,1586390566393,3,172.65,ETH-PERPETUAL,172.66,sell,1.0
11780138,ETH-15078180,1586390566393,3,172.65,ETH-PERPETUAL,172.66,sell,3.0
11780139,ETH-15078181,1586390566634,2,172.6,ETH-PERPETUAL,172.66,sell,1.0
11780140,ETH-15078182,1586390569330,2,172.55,ETH-PERPETUAL,172.59,sell,1.0
11780141,ETH-15078183,1586390569330,3,172.55,ETH-PERPETUAL,172.59,sell,1.0
11780142,ETH-15078184,1586390569330,3,172.55,ETH-PERPETUAL,172.59,sell,15.0
11780143,ETH-15078185,1586390571606,2,172.5,ETH-PERPETUAL,172.57,sell,90.0
11780144,ETH-15078186,1586390571606,3,172.5,ETH-PERPETUAL,172.57,sell,1.0
11780145,ETH-15078187,1586390571606,3,172.5,ETH-PERPETUAL,172.57,sell,50.0
11780146,ETH-15078188,1586390571606,3,172.5,ETH-PERPETUAL,172.57,sell,10.0
11780147,ETH-15078189,1586390571606,3,172.5,ETH-PERPETUAL,172.57,sell,1.0
11780148,ETH-15078190,1586390571606,3,172.5,ETH-PERPETUAL,172.57,sell,16.0
11780149,ETH-15078191,1586390571606,3,172.5,ETH-PERPETUAL,172.57,sell,1.0
11780150,ETH-15078192,1586390585911,0,172.55,ETH-PERPETUAL,172.53,buy,1.0
11780151,ETH-15078193,1586390591911,0,172.6,ETH-PERPETUAL,172.6,sell,1.0
11780152,ETH-15078194,1586390591911,1,172.6,ETH-PERPETUAL,172.6,sell,4.0
11780153,ETH-15078195,1586390596876,0,172.7,ETH-PERPETUAL,172.58,buy,2070.0
11780154,ETH-15078196,1586390606823,2,172.55,ETH-PERPETUAL,172.52,sell,5.0
11780155,ETH-15078197,1586390616844,3,172.55,ETH-PERPETUAL,172.49,buy,33.0
11780156,ETH-15078198,1586390621854,3,172.55,ETH-PERPETUAL,172.49,sell,2.0
11780157,ETH-15078199,1586390621854,3,172.55,ETH-PERPETUAL,172.49,sell,1.0
11780158,ETH-15078200,1586390623084,3,172.55,ETH-PERPETUAL,172.48,buy,2.0
11780159,ETH-15078201,1586390641043,3,172.55,ETH-PERPETUAL,172.48,buy,203.0
11780160,ETH-15078203,1586390664188,2,172.5,ETH-PERPETUAL,172.45,sell,3.0
11780161,ETH-15078204,1586390664188,3,172.5,ETH-PERPETUAL,172.45,sell,2.0
11780162,ETH-15078205,1586390664188,3,172.5,ETH-PERPETUAL,172.45,sell,10.0
11780163,ETH-15078206,1586390664188,3,172.5,ETH-PERPETUAL,172.45,sell,30.0
11780164,ETH-15078207,1586390664188,3,172.5,ETH-PERPETUAL,172.45,sell,1.0
11780165,ETH-15078208,1586390664188,3,172.5,ETH-PERPETUAL,172.45,sell,1.0
11780166,ETH-15078209,1586390664188,3,172.5,ETH-PERPETUAL,172.45,sell,230.0
11780167,ETH-15078210,1586390664188,3,172.5,ETH-PERPETUAL,172.45,sell,1.0
11780168,ETH-15078211,1586390664188,2,172.45,ETH-PERPETUAL,172.45,sell,1.0
11780169,ETH-15078212,1586390669945,3,172.45,ETH-PERPETUAL,172.44,buy,1.0
11780170,ETH-15078213,1586390685014,0,172.5,ETH-PERPETUAL,172.4,buy,1721.0
11780171,ETH-15078214,1586390685035,1,172.5,ETH-PERPETUAL,172.4,buy,300.0
11780172,ETH-15078215,1586390685044,1,172.5,ETH-PERPETUAL,172.4,buy,1425.0
11780173,ETH-15078217,1586390701213,2,172.45,ETH-PERPETUAL,172.42,sell,1.0
11780174,ETH-15078218,1586390701213,3,172.45,ETH-PERPETUAL,172.42,sell,1500.0
11780175,ETH-15078219,1586390701213,3,172.45,ETH-PERPETUAL,172.42,sell,2.0
11780176,ETH-15078220,1586390701213,3,172.45,ETH-PERPETUAL,172.42,sell,1.0
11780177,ETH-15078221,1586390704967,2,172.4,ETH-PERPETUAL,172.41,sell,1.0
11780178,ETH-15078222,1586390704967,3,172.4,ETH-PERPETUAL,172.41,sell,1.0
11780179,ETH-15078223,1586390704967,3,172.4,ETH-PERPETUAL,172.41,sell,20.0
11780180,ETH-15078224,1586390704967,3,172.4,ETH-PERPETUAL,172.41,sell,195.0
11780181,ETH-15078225,1586390704970,3,172.4,ETH-PERPETUAL,172.41,sell,1250.0
11780182,ETH-15078226,1586390705004,3,172.4,ETH-PERPETUAL,172.41,sell,3.0
11780183,ETH-15078227,1586390705004,3,172.4,ETH-PERPETUAL,172.41,sell,1.0
11780184,ETH-15078228,1586390705004,2,172.35,ETH-PERPETUAL,172.41,sell,1.0
11780185,ETH-15078229,1586390705004,3,172.35,ETH-PERPETUAL,172.41,sell,7427.0
11780186,ETH-15078230,1586390705004,3,172.35,ETH-PERPETUAL,172.41,sell,3291.0
11780187,ETH-15078233,1586390716508,2,172.3,ETH-PERPETUAL,172.25,sell,90.0
11780188,ETH-15078234,1586390716508,3,172.3,ETH-PERPETUAL,172.25,sell,1.0
11780189,ETH-15078235,1586390716508,3,172.3,ETH-PERPETUAL,172.25,sell,2.0
11780190,ETH-15078236,1586390716508,3,172.3,ETH-PERPETUAL,172.25,sell,120.0
11780191,ETH-15078237,1586390716508,3,172.3,ETH-PERPETUAL,172.25,sell,12.0
11780192,ETH-15078238,1586390716508,3,172.3,ETH-PERPETUAL,172.25,sell,2.0
11780193,ETH-15078239,1586390716711,3,172.3,ETH-PERPETUAL,172.25,buy,10.0
11780194,ETH-15078240,1586390717738,3,172.3,ETH-PERPETUAL,172.21,buy,10.0
11780195,ETH-15078241,1586390718050,2,172.25,ETH-PERPETUAL,172.21,sell,1.0
11780196,ETH-15078242,1586390718050,3,172.25,ETH-PERPETUAL,172.21,sell,14.0
11780197,ETH-15078243,1586390718050,3,172.25,ETH-PERPETUAL,172.21,sell,1.0
11780198,ETH-15078244,1586390718050,3,172.25,ETH-PERPETUAL,172.21,sell,1.0
11780199,ETH-15078245,1586390720960,2,172.2,ETH-PERPETUAL,172.19,sell,1.0
11780200,ETH-15078246,1586390720960,3,172.2,ETH-PERPETUAL,172.19,sell,2.0
11780201,ETH-15078247,1586390720960,3,172.2,ETH-PERPETUAL,172.19,sell,12.0
11780202,ETH-15078248,1586390720960,3,172.2,ETH-PERPETUAL,172.19,sell,1.0
11780203,ETH-15078249,1586390723147,2,172.15,ETH-PERPETUAL,172.16,sell,1.0
11780204,ETH-15078250,1586390723147,3,172.15,ETH-PERPETUAL,172.16,sell,1.0
11780205,ETH-15078252,1586390723286,3,172.15,ETH-PERPETUAL,172.16,sell,15.0
11780206,ETH-15078253,1586390723436,3,172.15,ETH-PERPETUAL,172.16,sell,1.0
11780207,ETH-15078254,1586390723622,2,172.1,ETH-PERPETUAL,172.15,sell,90.0
11780208,ETH-15078255,1586390723622,3,172.1,ETH-PERPETUAL,172.15,sell,1.0
11780209,ETH-15078256,1586390723622,3,172.1,ETH-PERPETUAL,172.15,sell,2.0
11780210,ETH-15078259,1586390723760,2,172.05,ETH-PERPETUAL,172.15,sell,1.0
11780211,ETH-15078260,1586390723936,2,172.0,ETH-PERPETUAL,172.15,sell,1.0
11780212,ETH-15078261,1586390723936,3,172.0,ETH-PERPETUAL,172.15,sell,1248.0
11780213,ETH-15078262,1586390724020,3,172.0,ETH-PERPETUAL,172.15,sell,5.0
11780214,ETH-15078263,1586390724020,2,171.95,ETH-PERPETUAL,172.15,sell,1.0
11780215,ETH-15078264,1586390724020,3,171.95,ETH-PERPETUAL,172.15,sell,300.0
11780216,ETH-15078265,1586390724020,3,171.95,ETH-PERPETUAL,172.15,sell,9.0
11780217,ETH-15078266,1586390725152,0,172.0,ETH-PERPETUAL,172.08,buy,2000.0
11780218,ETH-15078267,1586390725590,1,172.0,ETH-PERPETUAL,172.05,buy,64.0
11780219,ETH-15078268,1586390726512,0,172.05,ETH-PERPETUAL,172.06,sell,5.0
11780220,ETH-15078269,1586390726512,1,172.05,ETH-PERPETUAL,172.06,sell,316.0
11780221,ETH-15078270,1586390726594,1,172.05,ETH-PERPETUAL,172.06,sell,347.0
11780222,ETH-15078272,1586390736793,1,172.05,ETH-PERPETUAL,172.04,sell,20.0
11780223,ETH-15078273,1586390736793,1,172.05,ETH-PERPETUAL,172.04,sell,2.0
11780224,ETH-15078274,1586390736793,1,172.05,ETH-PERPETUAL,172.04,sell,300.0
11780225,ETH-15078275,1586390736793,1,172.05,ETH-PERPETUAL,172.04,sell,100.0
11780226,ETH-15078276,1586390736853,2,171.95,ETH-PERPETUAL,172.04,sell,908.0
11780227,ETH-15078277,1586390736921,3,171.95,ETH-PERPETUAL,172.04,sell,227.0
11780228,ETH-15078279,1586390738277,2,171.9,ETH-PERPETUAL,172.02,sell,90.0
11780229,ETH-15078280,1586390738277,3,171.9,ETH-PERPETUAL,172.02,sell,1.0
11780230,ETH-15078281,1586390738277,3,171.9,ETH-PERPETUAL,172.02,sell,30.0
11780231,ETH-15078282,1586390738277,3,171.9,ETH-PERPETUAL,172.02,sell,10.0
11780232,ETH-15078283,1586390738595,2,171.85,ETH-PERPETUAL,171.96,sell,30.0
11780233,ETH-15078284,1586390738595,3,171.85,ETH-PERPETUAL,171.96,sell,1.0
11780234,ETH-15078285,1586390738595,3,171.85,ETH-PERPETUAL,171.96,sell,1500.0
11780235,ETH-15078286,1586390738595,2,171.8,ETH-PERPETUAL,171.96,sell,30.0
11780236,ETH-15078287,1586390738595,3,171.8,ETH-PERPETUAL,171.96,sell,1.0
11780237,ETH-15078288,1586390738595,3,171.8,ETH-PERPETUAL,171.96,sell,198.0
11780238,ETH-15078289,1586390738618,3,171.8,ETH-PERPETUAL,171.96,sell,400.0
11780239,ETH-15078291,1586390739444,3,171.8,ETH-PERPETUAL,171.96,buy,131.0
11780240,ETH-15078292,1586390739453,3,171.8,ETH-PERPETUAL,171.96,buy,3069.0
11780241,ETH-15078293,1586390739454,3,171.8,ETH-PERPETUAL,171.96,buy,100.0
11780242,ETH-15078294,1586390743548,0,171.85,ETH-PERPETUAL,171.94,sell,2.0
11780243,ETH-15078295,1586390743548,1,171.85,ETH-PERPETUAL,171.94,sell,647.0
11780244,ETH-15078296,1586390743548,1,171.85,ETH-PERPETUAL,171.94,sell,2.0
11780245,ETH-15078297,1586390743548,1,171.85,ETH-PERPETUAL,171.94,sell,37.0
11780246,ETH-15078298,1586390743548,2,171.8,ETH-PERPETUAL,171.94,sell,562.0
11780247,ETH-15078299,1586390749151,3,171.8,ETH-PERPETUAL,171.89,sell,30.0
11780248,ETH-15078300,1586390749151,3,171.8,ETH-PERPETUAL,171.89,sell,2.0
11780249,ETH-15078301,1586390749151,3,171.8,ETH-PERPETUAL,171.89,sell,900.0
11780250,ETH-15078302,1586390749151,2,171.75,ETH-PERPETUAL,171.89,sell,30.0
11780251,ETH-15078303,1586390749151,3,171.75,ETH-PERPETUAL,171.89,sell,1.0
11780252,ETH-15078304,1586390749151,3,171.75,ETH-PERPETUAL,171.89,sell,2.0
11780253,ETH-15078305,1586390749151,3,171.75,ETH-PERPETUAL,171.89,sell,160.0
11780254,ETH-15078306,1586390749151,3,171.75,ETH-PERPETUAL,171.89,sell,625.0
11780255,ETH-15078307,1586390752356,0,171.85,ETH-PERPETUAL,171.88,buy,10.0
11780256,ETH-15078308,1586390753629,0,171.9,ETH-PERPETUAL,171.88,buy,10.0
11780257,ETH-15078309,1586390759692,2,171.8,ETH-PERPETUAL,171.93,sell,20.0
11780258,ETH-15078310,1586390767089,0,171.95,ETH-PERPETUAL,171.96,buy,1.0
11780259,ETH-15078311,1586390775564,0,172.0,ETH-PERPETUAL,171.99,sell,11.0
11780260,ETH-15078312,1586390775564,1,172.0,ETH-PERPETUAL,171.99,sell,2.0
11780261,ETH-15078313,1586390797243,0,172.05,ETH-PERPETUAL,171.99,buy,28.0
11780262,ETH-15078314,1586390801266,2,172.0,ETH-PERPETUAL,171.98,sell,9.0
11780263,ETH-15078315,1586390801266,3,172.0,ETH-PERPETUAL,171.98,sell,1.0
11780264,ETH-15078316,1586390801266,3,172.0,ETH-PERPETUAL,171.98,sell,20.0
11780265,ETH-15078317,1586390809340,2,171.95,ETH-PERPETUAL,171.93,sell,1.0
11780266,ETH-15078318,1586390809340,3,171.95,ETH-PERPETUAL,171.93,sell,4.0
11780267,ETH-15078319,1586390809340,3,171.95,ETH-PERPETUAL,171.93,sell,13.0
11780268,ETH-15078320,1586390809340,3,171.95,ETH-PERPETUAL,171.93,sell,1.0
11780269,ETH-15078321,1586390831848,0,172.0,ETH-PERPETUAL,171.95,buy,49.0
11780270,ETH-15078322,1586390845232,0,172.05,ETH-PERPETUAL,171.98,sell,4.0
11780271,ETH-15078323,1586390845232,1,172.05,ETH-PERPETUAL,171.98,sell,2500.0
11780272,ETH-15078324,1586390845232,1,172.05,ETH-PERPETUAL,171.98,sell,80.0
11780273,ETH-15078325,1586390846491,1,172.05,ETH-PERPETUAL,172.0,buy,1.0
11780274,ETH-15078328,1586390850206,0,172.15,ETH-PERPETUAL,172.09,buy,1.0
11780275,ETH-15078329,1586390850726,1,172.15,ETH-PERPETUAL,172.09,buy,3.0
11780276,ETH-15078330,1586390850726,1,172.15,ETH-PERPETUAL,172.09,buy,1.0
11780277,ETH-15078331,1586390850726,1,172.15,ETH-PERPETUAL,172.09,buy,5.0
11780278,ETH-15078333,1586390855900,0,172.25,ETH-PERPETUAL,172.19,buy,2.0
11780279,ETH-15078334,1586390855900,1,172.25,ETH-PERPETUAL,172.19,buy,5.0
11780280,ETH-15078335,1586390855905,1,172.25,ETH-PERPETUAL,172.19,sell,166.0
11780281,ETH-15078336,1586390860287,2,172.2,ETH-PERPETUAL,172.17,sell,30.0
11780282,ETH-15078337,1586390860287,3,172.2,ETH-PERPETUAL,172.17,sell,20.0
11780283,ETH-15078338,1586390867558,2,172.15,ETH-PERPETUAL,172.14,sell,1.0
11780284,ETH-15078339,1586390867558,3,172.15,ETH-PERPETUAL,172.14,sell,2.0
11780285,ETH-15078340,1586390867558,3,172.15,ETH-PERPETUAL,172.14,sell,1000.0
11780286,ETH-15078341,1586390888380,0,172.3,ETH-PERPETUAL,172.18,buy,1444.0
11780287,ETH-15078342,1586390888431,1,172.3,ETH-PERPETUAL,172.18,buy,562.0
11780288,ETH-15078343,1586390888431,1,172.3,ETH-PERPETUAL,172.18,buy,1.0
11780289,ETH-15078349,1586390899867,2,172.25,ETH-PERPETUAL,172.25,sell,350.0
11780290,ETH-15078350,1586390913586,2,172.2,ETH-PERPETUAL,172.24,sell,1.0
11780291,ETH-15078351,1586390913586,3,172.2,ETH-PERPETUAL,172.24,sell,1.0
11780292,ETH-15078352,1586390913586,3,172.2,ETH-PERPETUAL,172.24,sell,595.0
11780293,ETH-15078353,1586390941765,2,172.15,ETH-PERPETUAL,172.17,sell,1.0
11780294,ETH-15078354,1586390941765,3,172.15,ETH-PERPETUAL,172.17,sell,1.0
11780295,ETH-15078355,1586390941765,3,172.15,ETH-PERPETUAL,172.17,sell,20.0
11780296,ETH-15078356,1586390941765,3,172.15,ETH-PERPETUAL,172.17,sell,20.0
11780297,ETH-15078357,1586390954645,2,172.1,ETH-PERPETUAL,172.1,sell,3.0
11780298,ETH-15078358,1586390954645,3,172.1,ETH-PERPETUAL,172.1,sell,1.0
11780299,ETH-15078359,1586390954645,3,172.1,ETH-PERPETUAL,172.1,sell,20.0
11780300,ETH-15078360,1586390954645,3,172.1,ETH-PERPETUAL,172.1,sell,800.0
11780301,ETH-15078361,1586390954645,3,172.1,ETH-PERPETUAL,172.1,sell,1.0
11780302,ETH-15078362,1586390954645,3,172.1,ETH-PERPETUAL,172.1,sell,1.0
11780303,ETH-15078363,1586390954645,3,172.1,ETH-PERPETUAL,172.1,sell,110.0
11780304,ETH-15078364,1586390954645,3,172.1,ETH-PERPETUAL,172.1,sell,20.0
11780305,ETH-15078365,1586390965100,0,172.15,ETH-PERPETUAL,172.13,buy,400.0
11780306,ETH-15078366,1586390965211,0,172.2,ETH-PERPETUAL,172.13,buy,150.0
11780307,ETH-15078367,1586390965211,1,172.2,ETH-PERPETUAL,172.13,buy,856.0
11780308,ETH-15078368,1586390978898,2,172.15,ETH-PERPETUAL,172.2,sell,10.0
11780309,ETH-15078369,1586391020487,0,172.2,ETH-PERPETUAL,172.18,buy,1.0
11780310,ETH-15078370,1586391025516,1,172.2,ETH-PERPETUAL,172.18,buy,1.0
11780311,ETH-15078371,1586391025516,1,172.2,ETH-PERPETUAL,172.18,buy,1.0
11780312,ETH-15078372,1586391025516,1,172.2,ETH-PERPETUAL,172.18,buy,300.0
11780313,ETH-15078373,1586391025516,1,172.2,ETH-PERPETUAL,172.18,buy,1698.0
11780314,ETH-15078374,1586391026620,2,172.15,ETH-PERPETUAL,172.19,sell,1.0
11780315,ETH-15078375,1586391026620,3,172.15,ETH-PERPETUAL,172.19,sell,499.0
11780316,ETH-15078376,1586391030338,0,172.3,ETH-PERPETUAL,172.24,buy,1.0
11780317,ETH-15078377,1586391040321,2,172.25,ETH-PERPETUAL,172.27,sell,50.0
11780318,ETH-15078378,1586391040321,3,172.25,ETH-PERPETUAL,172.27,sell,10.0
11780319,ETH-15078379,1586391044552,2,172.2,ETH-PERPETUAL,172.22,buy,100.0
11780320,ETH-15078380,1586391044552,3,172.2,ETH-PERPETUAL,172.22,buy,2.0
11780321,ETH-15078381,1586391046343,0,172.3,ETH-PERPETUAL,172.22,buy,3.0
11780322,ETH-15078382,1586391046343,1,172.3,ETH-PERPETUAL,172.22,buy,1.0
11780323,ETH-15078383,1586391046343,0,172.35,ETH-PERPETUAL,172.22,buy,1311.0
11780324,ETH-15078384,1586391055996,2,172.3,ETH-PERPETUAL,172.24,sell,20.0
11780325,ETH-15078385,1586391074481,2,172.25,ETH-PERPETUAL,172.19,sell,170.0
11780326,ETH-15078386,1586391074481,3,172.25,ETH-PERPETUAL,172.19,sell,230.0
11780327,ETH-15078388,1586391075514,2,172.2,ETH-PERPETUAL,172.18,sell,3.0
11780328,ETH-15078389,1586391075514,3,172.2,ETH-PERPETUAL,172.18,sell,20.0
11780329,ETH-15078390,1586391075514,3,172.2,ETH-PERPETUAL,172.18,sell,900.0
11780330,ETH-15078391,1586391087302,2,172.15,ETH-PERPETUAL,172.13,sell,20.0
11780331,ETH-15078392,1586391087302,3,172.15,ETH-PERPETUAL,172.13,sell,1.0
11780332,ETH-15078393,1586391107946,2,172.1,ETH-PERPETUAL,172.1,sell,20.0
11780333,ETH-15078394,1586391107946,3,172.1,ETH-PERPETUAL,172.1,sell,1.0
11780334,ETH-15078395,1586391107946,3,172.1,ETH-PERPETUAL,172.1,sell,1.0
11780335,ETH-15078396,1586391107946,3,172.1,ETH-PERPETUAL,172.1,sell,30.0
11780336,ETH-15078397,1586391107968,2,172.05,ETH-PERPETUAL,172.1,sell,10.0
11780337,ETH-15078398,1586391123967,0,172.1,ETH-PERPETUAL,172.06,buy,303.0
11780338,ETH-15078399,1586391127959,1,172.1,ETH-PERPETUAL,172.07,buy,1.0
11780339,ETH-15078400,1586391127959,1,172.1,ETH-PERPETUAL,172.07,buy,258.0
11780340,ETH-15078401,1586391132411,0,172.2,ETH-PERPETUAL,172.09,buy,614.0
11780341,ETH-15078405,1586391176264,1,172.2,ETH-PERPETUAL,172.12,buy,8.0
11780342,ETH-15078406,1586391176264,1,172.2,ETH-PERPETUAL,172.12,buy,20.0
11780343,ETH-15078407,1586391176408,2,172.15,ETH-PERPETUAL,172.12,sell,29.0
11780344,ETH-15078408,1586391177495,0,172.2,ETH-PERPETUAL,172.13,buy,360.0
11780345,ETH-15078409,1586391177495,1,172.2,ETH-PERPETUAL,172.13,buy,3.0
11780346,ETH-15078410,1586391187751,0,172.25,ETH-PERPETUAL,172.17,sell,3.0
11780347,ETH-15078411,1586391199707,2,172.2,ETH-PERPETUAL,172.15,sell,10.0
11780348,ETH-15078412,1586391210458,0,172.25,ETH-PERPETUAL,172.17,buy,2.0
11780349,ETH-15078413,1586391222751,1,172.25,ETH-PERPETUAL,172.17,buy,10.0
11780350,ETH-15078414,1586391228334,0,172.3,ETH-PERPETUAL,172.2,buy,1.0
11780351,ETH-15078415,1586391228334,1,172.3,ETH-PERPETUAL,172.2,buy,1.0
11780352,ETH-15078416,1586391228334,1,172.3,ETH-PERPETUAL,172.2,buy,500.0
11780353,ETH-15078417,1586391228334,0,172.35,ETH-PERPETUAL,172.2,buy,2.0
11780354,ETH-15078418,1586391228334,1,172.35,ETH-PERPETUAL,172.2,buy,2500.0
11780355,ETH-15078419,1586391228334,1,172.35,ETH-PERPETUAL,172.2,buy,1.0
11780356,ETH-15078420,1586391228334,1,172.35,ETH-PERPETUAL,172.2,buy,800.0
11780357,ETH-15078421,1586391228334,1,172.35,ETH-PERPETUAL,172.2,buy,1195.0
11780358,ETH-15078422,1586391244713,2,172.3,ETH-PERPETUAL,172.21,sell,3.0
11780359,ETH-15078424,1586391245307,2,172.25,ETH-PERPETUAL,172.19,sell,2.0
11780360,ETH-15078425,1586391281857,3,172.25,ETH-PERPETUAL,172.15,buy,4.0
11780361,ETH-15078426,1586391281857,3,172.25,ETH-PERPETUAL,172.15,buy,2.0
11780362,ETH-15078428,1586391283109,0,172.3,ETH-PERPETUAL,172.18,buy,491.0
11780363,ETH-15078429,1586391292096,1,172.3,ETH-PERPETUAL,172.24,buy,6.0
11780364,ETH-15078431,1586391297073,1,172.3,ETH-PERPETUAL,172.23,buy,6.0
11780365,ETH-15078432,1586391314042,1,172.3,ETH-PERPETUAL,172.25,sell,3.0
11780366,ETH-15078433,1586391314042,1,172.3,ETH-PERPETUAL,172.25,sell,7.0
11780367,ETH-15078434,1586391319060,1,172.3,ETH-PERPETUAL,172.25,sell,345.0
11780368,ETH-15078435,1586391330586,1,172.3,ETH-PERPETUAL,172.23,sell,1.0
11780369,ETH-15078436,1586391330586,1,172.3,ETH-PERPETUAL,172.23,sell,9.0
11780370,ETH-15078437,1586391335617,1,172.3,ETH-PERPETUAL,172.23,sell,10.0
11780371,ETH-15078439,1586391393603,1,172.3,ETH-PERPETUAL,172.26,buy,6.0
11780372,ETH-15078440,1586391393603,1,172.3,ETH-PERPETUAL,172.26,buy,1.0
11780373,ETH-15078441,1586391393603,1,172.3,ETH-PERPETUAL,172.26,buy,1.0
11780374,ETH-15078442,1586391393603,1,172.3,ETH-PERPETUAL,172.26,buy,2.0
11780375,ETH-15078444,1586391394101,0,172.35,ETH-PERPETUAL,172.26,buy,1.0
11780376,ETH-15078446,1586391394598,0,172.4,ETH-PERPETUAL,172.27,buy,90.0
11780377,ETH-15078447,1586391394598,1,172.4,ETH-PERPETUAL,172.27,buy,20.0
11780378,ETH-15078448,1586391394598,1,172.4,ETH-PERPETUAL,172.27,buy,20.0
11780379,ETH-15078449,1586391394598,1,172.4,ETH-PERPETUAL,172.27,buy,1.0
11780380,ETH-15078450,1586391394598,1,172.4,ETH-PERPETUAL,172.27,buy,1.0
11780381,ETH-15078451,1586391409543,1,172.4,ETH-PERPETUAL,172.37,sell,100.0
11780382,ETH-15078453,1586391413512,2,172.35,ETH-PERPETUAL,172.3,sell,100.0
11780383,ETH-15078455,1586391431243,3,172.35,ETH-PERPETUAL,172.29,buy,7.0
11780384,ETH-15078456,1586391431243,3,172.35,ETH-PERPETUAL,172.29,buy,1.0
11780385,ETH-15078458,1586391471279,0,172.4,ETH-PERPETUAL,172.35,buy,8.0
11780386,ETH-15078459,1586391471279,1,172.4,ETH-PERPETUAL,172.35,buy,1.0
11780387,ETH-15078460,1586391471279,1,172.4,ETH-PERPETUAL,172.35,buy,1.0
11780388,ETH-15078461,1586391471279,1,172.4,ETH-PERPETUAL,172.35,buy,82.0
11780389,ETH-15078462,1586391483707,1,172.4,ETH-PERPETUAL,172.35,buy,1729.0
11780390,ETH-15078463,1586391483707,1,172.4,ETH-PERPETUAL,172.35,buy,6.0
11780391,ETH-15078464,1586391483707,1,172.4,ETH-PERPETUAL,172.35,buy,1.0
11780392,ETH-15078465,1586391484484,0,172.45,ETH-PERPETUAL,172.35,buy,20.0
11780393,ETH-15078466,1586391484484,1,172.45,ETH-PERPETUAL,172.35,buy,1.0
11780394,ETH-15078467,1586391485467,0,172.5,ETH-PERPETUAL,172.39,buy,3.0
11780395,ETH-15078468,1586391485467,1,172.5,ETH-PERPETUAL,172.39,buy,10.0
11780396,ETH-15078469,1586391485467,1,172.5,ETH-PERPETUAL,172.39,buy,1.0
11780397,ETH-15078470,1586391485467,0,172.55,ETH-PERPETUAL,172.39,buy,20.0
11780398,ETH-15078471,1586391485467,1,172.55,ETH-PERPETUAL,172.39,buy,1966.0
11780399,ETH-15078476,1586391486707,1,172.55,ETH-PERPETUAL,172.45,buy,31981.0
11780400,ETH-15078477,1586391486715,1,172.55,ETH-PERPETUAL,172.45,buy,860.0
11780401,ETH-15078478,1586391488821,1,172.55,ETH-PERPETUAL,172.51,buy,1.0
11780402,ETH-15078479,1586391488821,1,172.55,ETH-PERPETUAL,172.51,buy,1.0
11780403,ETH-15078482,1586391492760,0,172.6,ETH-PERPETUAL,172.53,buy,90.0
11780404,ETH-15078483,1586391492760,1,172.6,ETH-PERPETUAL,172.53,buy,1.0
11780405,ETH-15078484,1586391492760,1,172.6,ETH-PERPETUAL,172.53,buy,1200.0
11780406,ETH-15078485,1586391492760,1,172.6,ETH-PERPETUAL,172.53,buy,16.0
11780407,ETH-15078486,1586391492760,1,172.6,ETH-PERPETUAL,172.53,buy,342.0
11780408,ETH-15078488,1586391499886,2,172.5,ETH-PERPETUAL,172.47,sell,810.0
11780409,ETH-15078489,1586391505100,2,172.4,ETH-PERPETUAL,172.36,sell,1.0
11780410,ETH-15078490,1586391507465,2,172.35,ETH-PERPETUAL,172.34,sell,20.0
11780411,ETH-15078491,1586391507465,3,172.35,ETH-PERPETUAL,172.34,sell,3.0
11780412,ETH-15078492,1586391513252,2,172.3,ETH-PERPETUAL,172.3,sell,20.0
11780413,ETH-15078493,1586391513252,3,172.3,ETH-PERPETUAL,172.3,sell,20.0
11780414,ETH-15078494,1586391513252,3,172.3,ETH-PERPETUAL,172.3,sell,40.0
11780415,ETH-15078495,1586391513252,3,172.3,ETH-PERPETUAL,172.3,sell,2.0
11780416,ETH-15078497,1586391521185,3,172.3,ETH-PERPETUAL,172.28,buy,2.0
11780417,ETH-15078498,1586391521185,3,172.3,ETH-PERPETUAL,172.28,buy,1.0
11780418,ETH-15078499,1586391522100,0,172.35,ETH-PERPETUAL,172.31,buy,1723.0
11780419,ETH-15078500,1586391544760,0,172.4,ETH-PERPETUAL,172.38,buy,7.0
11780420,ETH-15078501,1586391544760,1,172.4,ETH-PERPETUAL,172.38,buy,1.0
11780421,ETH-15078502,1586391544760,1,172.4,ETH-PERPETUAL,172.38,buy,1.0
11780422,ETH-15078503,1586391544760,1,172.4,ETH-PERPETUAL,172.38,buy,5.0
11780423,ETH-15078507,1586391545187,0,172.45,ETH-PERPETUAL,172.38,buy,1.0
11780424,ETH-15078508,1586391552593,0,172.5,ETH-PERPETUAL,172.5,buy,4.0
11780425,ETH-15078509,1586391552593,1,172.5,ETH-PERPETUAL,172.5,buy,1.0
11780426,ETH-15078510,1586391552593,1,172.5,ETH-PERPETUAL,172.5,buy,1.0
11780427,ETH-15078511,1586391552593,1,172.5,ETH-PERPETUAL,172.5,buy,16.0
11780428,ETH-15078512,1586391555287,0,172.55,ETH-PERPETUAL,172.5,buy,20.0
11780429,ETH-15078513,1586391555287,1,172.55,ETH-PERPETUAL,172.5,buy,1.0
11780430,ETH-15078514,1586391555287,1,172.55,ETH-PERPETUAL,172.5,buy,7.0
11780431,ETH-15078515,1586391562887,1,172.55,ETH-PERPETUAL,172.52,buy,1.0
11780432,ETH-15078516,1586391562887,1,172.55,ETH-PERPETUAL,172.52,buy,16.0
11780433,ETH-15078517,1586391562887,1,172.55,ETH-PERPETUAL,172.52,buy,1.0
11780434,ETH-15078518,1586391563329,1,172.55,ETH-PERPETUAL,172.52,sell,100.0
11780435,ETH-15078519,1586391568546,1,172.55,ETH-PERPETUAL,172.53,sell,200.0
11780436,ETH-15078520,1586391576515,1,172.55,ETH-PERPETUAL,172.54,sell,300.0
11780437,ETH-15078521,1586391576515,1,172.55,ETH-PERPETUAL,172.54,sell,100.0
11780438,ETH-15078522,1586391579433,2,172.5,ETH-PERPETUAL,172.52,buy,50.0
11780439,ETH-15078523,1586391582059,3,172.5,ETH-PERPETUAL,172.47,buy,1.0
11780440,ETH-15078524,1586391592681,3,172.5,ETH-PERPETUAL,172.47,buy,2.0
11780441,ETH-15078525,1586391592681,3,172.5,ETH-PERPETUAL,172.47,buy,1.0
11780442,ETH-15078526,1586391592681,3,172.5,ETH-PERPETUAL,172.47,buy,1.0
11780443,ETH-15078527,1586391592681,3,172.5,ETH-PERPETUAL,172.47,buy,1.0
11780444,ETH-15078528,1586391600116,0,172.55,ETH-PERPETUAL,172.52,buy,1.0
11780445,ETH-15078529,1586391619095,0,172.6,ETH-PERPETUAL,172.56,buy,20.0
11780446,ETH-15078530,1586391619095,1,172.6,ETH-PERPETUAL,172.56,buy,1.0
11780447,ETH-15078531,1586391619095,1,172.6,ETH-PERPETUAL,172.56,buy,343.0
11780448,ETH-15078532,1586391636414,1,172.6,ETH-PERPETUAL,172.58,buy,8.0
11780449,ETH-15078533,1586391636414,1,172.6,ETH-PERPETUAL,172.58,buy,1.0
11780450,ETH-15078534,1586391636414,1,172.6,ETH-PERPETUAL,172.58,buy,1.0
11780451,ETH-15078535,1586391636414,1,172.6,ETH-PERPETUAL,172.58,buy,1.0
11780452,ETH-15078536,1586391658960,2,172.55,ETH-PERPETUAL,172.57,sell,3.0
11780453,ETH-15078537,1586391658960,3,172.55,ETH-PERPETUAL,172.57,sell,30.0
11780454,ETH-15078538,1586391658960,3,172.55,ETH-PERPETUAL,172.57,sell,10.0
11780455,ETH-15078539,1586391658960,3,172.55,ETH-PERPETUAL,172.57,sell,357.0
11780456,ETH-15078541,1586391666031,0,172.6,ETH-PERPETUAL,172.58,buy,4.0
11780457,ETH-15078542,1586391666031,1,172.6,ETH-PERPETUAL,172.58,buy,1.0
11780458,ETH-15078543,1586391680000,2,172.55,ETH-PERPETUAL,172.56,sell,3.0
11780459,ETH-15078544,1586391680000,3,172.55,ETH-PERPETUAL,172.56,sell,350.0
11780460,ETH-15078546,1586391682311,2,172.5,ETH-PERPETUAL,172.51,sell,2.0
11780461,ETH-15078547,1586391682311,3,172.5,ETH-PERPETUAL,172.51,sell,20.0
11780462,ETH-15078548,1586391682311,3,172.5,ETH-PERPETUAL,172.51,sell,1.0
11780463,ETH-15078549,1586391711181,0,172.55,ETH-PERPETUAL,172.53,buy,2.0
11780464,ETH-15078550,1586391711181,1,172.55,ETH-PERPETUAL,172.53,buy,1.0
11780465,ETH-15078551,1586391711181,1,172.55,ETH-PERPETUAL,172.53,buy,1.0
11780466,ETH-15078552,1586391711181,1,172.55,ETH-PERPETUAL,172.53,buy,382.0
11780467,ETH-15078553,1586391711187,1,172.55,ETH-PERPETUAL,172.53,buy,1343.0
11780468,ETH-15078554,1586391711187,1,172.55,ETH-PERPETUAL,172.53,buy,1.0
11780469,ETH-15078555,1586391711187,1,172.55,ETH-PERPETUAL,172.53,buy,100.0
11780470,ETH-15078556,1586391711198,1,172.55,ETH-PERPETUAL,172.53,buy,1725.0
11780471,ETH-15078557,1586391711214,1,172.55,ETH-PERPETUAL,172.53,buy,1725.0
11780472,ETH-15078558,1586391711226,1,172.55,ETH-PERPETUAL,172.53,buy,1725.0
11780473,ETH-15078559,1586391711258,0,172.6,ETH-PERPETUAL,172.53,buy,1.0
11780474,ETH-15078560,1586391712054,0,172.65,ETH-PERPETUAL,172.54,buy,1.0
11780475,ETH-15078561,1586391712054,1,172.65,ETH-PERPETUAL,172.54,buy,1.0
11780476,ETH-15078562,1586391712418,0,172.7,ETH-PERPETUAL,172.58,buy,20.0
11780477,ETH-15078563,1586391712418,1,172.7,ETH-PERPETUAL,172.58,buy,20.0
11780478,ETH-15078564,1586391712418,1,172.7,ETH-PERPETUAL,172.58,buy,50.0
11780479,ETH-15078565,1586391712418,1,172.7,ETH-PERPETUAL,172.58,buy,6.0
11780480,ETH-15078566,1586391712418,1,172.7,ETH-PERPETUAL,172.58,buy,634.0
11780481,ETH-15078567,1586391712418,1,172.7,ETH-PERPETUAL,172.58,buy,1.0
11780482,ETH-15078568,1586391712418,1,172.7,ETH-PERPETUAL,172.58,buy,806.0
11780483,ETH-15078569,1586391721727,1,172.7,ETH-PERPETUAL,172.68,buy,1.0
11780484,ETH-15078570,1586391721727,1,172.7,ETH-PERPETUAL,172.68,buy,1.0
11780485,ETH-15078571,1586391721727,1,172.7,ETH-PERPETUAL,172.68,buy,1.0
11780486,ETH-15078572,1586391721727,1,172.7,ETH-PERPETUAL,172.68,buy,1.0
11780487,ETH-15078573,1586391721727,1,172.7,ETH-PERPETUAL,172.68,buy,800.0
11780488,ETH-15078574,1586391721727,1,172.7,ETH-PERPETUAL,172.68,buy,12.0
11780489,ETH-15078575,1586391721727,1,172.7,ETH-PERPETUAL,172.68,buy,300.0
11780490,ETH-15078576,1586391721727,0,172.75,ETH-PERPETUAL,172.68,buy,10.0
11780491,ETH-15078577,1586391721727,1,172.75,ETH-PERPETUAL,172.68,buy,20.0
11780492,ETH-15078578,1586391721727,1,172.75,ETH-PERPETUAL,172.68,buy,20.0
11780493,ETH-15078579,1586391721727,1,172.75,ETH-PERPETUAL,172.68,buy,1.0
11780494,ETH-15078580,1586391721727,0,172.8,ETH-PERPETUAL,172.68,buy,90.0
11780495,ETH-15078581,1586391721727,1,172.8,ETH-PERPETUAL,172.68,buy,1.0
11780496,ETH-15078582,1586391721727,1,172.8,ETH-PERPETUAL,172.68,buy,155.0
11780497,ETH-15078583,1586391721727,1,172.8,ETH-PERPETUAL,172.68,buy,419.0
11780498,ETH-15078584,1586391722268,2,172.75,ETH-PERPETUAL,172.68,sell,100.0
11780499,ETH-15078585,1586391726299,3,172.75,ETH-PERPETUAL,172.7,sell,352.0
11780500,ETH-15078586,1586391728579,0,172.8,ETH-PERPETUAL,172.69,buy,1.0
11780501,ETH-15078587,1586391728579,1,172.8,ETH-PERPETUAL,172.69,buy,302.0
11780502,ETH-15078588,1586391732257,2,172.75,ETH-PERPETUAL,172.68,buy,100.0
11780503,ETH-15078589,1586391732257,3,172.75,ETH-PERPETUAL,172.68,buy,20.0
11780504,ETH-15078590,1586391741408,2,172.7,ETH-PERPETUAL,172.68,sell,600.0
11780505,ETH-15078591,1586391741408,3,172.7,ETH-PERPETUAL,172.68,sell,200.0
11780506,ETH-15078592,1586391775940,3,172.7,ETH-PERPETUAL,172.7,sell,800.0
11780507,ETH-15078593,1586391775940,3,172.7,ETH-PERPETUAL,172.7,sell,330.0
11780508,ETH-15078594,1586391807567,2,172.65,ETH-PERPETUAL,172.7,sell,50.0
11780509,ETH-15078595,1586391807567,3,172.65,ETH-PERPETUAL,172.7,sell,800.0
11780510,ETH-15078596,1586391807567,3,172.65,ETH-PERPETUAL,172.7,sell,20.0
11780511,ETH-15078597,1586391864042,0,172.7,ETH-PERPETUAL,172.66,buy,1.0
11780512,ETH-15078598,1586391864042,1,172.7,ETH-PERPETUAL,172.66,buy,1.0
11780513,ETH-15078599,1586391864042,1,172.7,ETH-PERPETUAL,172.66,buy,2.0
11780514,ETH-15078600,1586391864042,1,172.7,ETH-PERPETUAL,172.66,buy,3.0
11780515,ETH-15078601,1586391865278,0,172.75,ETH-PERPETUAL,172.67,buy,1.0
11780516,ETH-15078602,1586391865278,1,172.75,ETH-PERPETUAL,172.67,buy,1.0
11780517,ETH-15078603,1586391868792,0,172.8,ETH-PERPETUAL,172.75,buy,1.0
11780518,ETH-15078604,1586391868792,1,172.8,ETH-PERPETUAL,172.75,buy,1729.0
11780519,ETH-15078605,1586391868792,1,172.8,ETH-PERPETUAL,172.75,buy,1.0
11780520,ETH-15078606,1586391869357,0,172.85,ETH-PERPETUAL,172.75,buy,1.0
11780521,ETH-15078607,1586391869357,1,172.85,ETH-PERPETUAL,172.75,buy,1.0
11780522,ETH-15078608,1586391885971,2,172.8,ETH-PERPETUAL,172.83,sell,100.0
11780523,ETH-15078609,1586391888035,0,172.85,ETH-PERPETUAL,172.83,buy,1.0
11780524,ETH-15078610,1586391888035,1,172.85,ETH-PERPETUAL,172.83,buy,1.0
11780525,ETH-15078611,1586391888035,1,172.85,ETH-PERPETUAL,172.83,buy,1.0
11780526,ETH-15078612,1586391888035,1,172.85,ETH-PERPETUAL,172.83,buy,18.0
11780527,ETH-15078613,1586391888035,1,172.85,ETH-PERPETUAL,172.83,buy,239.0
11780528,ETH-15078614,1586391896944,0,172.9,ETH-PERPETUAL,172.83,buy,1.0
11780529,ETH-15078615,1586391896944,1,172.9,ETH-PERPETUAL,172.83,buy,259.0
11780530,ETH-15078616,1586391897360,1,172.9,ETH-PERPETUAL,172.83,buy,1470.0
11780531,ETH-15078617,1586391897360,1,172.9,ETH-PERPETUAL,172.83,buy,1.0
11780532,ETH-15078618,1586391897360,1,172.9,ETH-PERPETUAL,172.83,buy,1.0
11780533,ETH-15078619,1586391897360,1,172.9,ETH-PERPETUAL,172.83,buy,20.0
11780534,ETH-15078620,1586391897370,1,172.9,ETH-PERPETUAL,172.83,buy,1729.0
11780535,ETH-15078621,1586391897385,1,172.9,ETH-PERPETUAL,172.83,buy,1729.0
11780536,ETH-15078622,1586391900913,1,172.9,ETH-PERPETUAL,172.9,sell,100.0
11780537,ETH-15078623,1586391905201,0,172.95,ETH-PERPETUAL,172.93,buy,1.0
11780538,ETH-15078624,1586391905201,1,172.95,ETH-PERPETUAL,172.93,buy,1.0
11780539,ETH-15078625,1586391907060,0,173.0,ETH-PERPETUAL,172.95,buy,90.0
11780540,ETH-15078626,1586391907060,1,173.0,ETH-PERPETUAL,172.95,buy,1.0
11780541,ETH-15078627,1586391907060,1,173.0,ETH-PERPETUAL,172.95,buy,1.0
11780542,ETH-15078628,1586391907067,1,173.0,ETH-PERPETUAL,172.95,buy,1.0
11780543,ETH-15078631,1586391908412,0,173.05,ETH-PERPETUAL,172.97,buy,90.0
11780544,ETH-15078632,1586391908412,1,173.05,ETH-PERPETUAL,172.97,buy,1.0
11780545,ETH-15078633,1586391908422,0,173.1,ETH-PERPETUAL,172.97,buy,2.0
11780546,ETH-15078634,1586391908422,1,173.1,ETH-PERPETUAL,172.97,buy,1.0
11780547,ETH-15078635,1586391908422,1,173.1,ETH-PERPETUAL,172.97,buy,497.0
11780548,ETH-15078636,1586391911461,1,173.1,ETH-PERPETUAL,173.05,sell,800.0
11780549,ETH-15078637,1586391911479,2,173.05,ETH-PERPETUAL,173.05,sell,100.0
11780550,ETH-15078638,1586391916210,0,173.1,ETH-PERPETUAL,173.08,sell,100.0
11780551,ETH-15078639,1586391925695,2,173.0,ETH-PERPETUAL,173.04,sell,350.0
11780552,ETH-15078640,1586391925695,3,173.0,ETH-PERPETUAL,173.04,sell,1.0
11780553,ETH-15078641,1586391928135,3,173.0,ETH-PERPETUAL,172.99,buy,24.0
11780554,ETH-15078642,1586391928135,3,173.0,ETH-PERPETUAL,172.99,buy,1.0
11780555,ETH-15078643,1586391930031,0,173.1,ETH-PERPETUAL,173.04,sell,126.0
11780556,ETH-15078644,1586391930031,1,173.1,ETH-PERPETUAL,173.04,sell,723.0
11780557,ETH-15078645,1586391934310,1,173.1,ETH-PERPETUAL,173.05,buy,28.0
11780558,ETH-15078646,1586391943975,1,173.1,ETH-PERPETUAL,173.07,buy,1.0
11780559,ETH-15078647,1586391943975,1,173.1,ETH-PERPETUAL,173.07,buy,1.0
11780560,ETH-15078648,1586391943975,1,173.1,ETH-PERPETUAL,173.07,buy,22.0
11780561,ETH-15078649,1586391946375,0,173.15,ETH-PERPETUAL,173.1,buy,1.0
11780562,ETH-15078650,1586391946375,1,173.15,ETH-PERPETUAL,173.1,buy,1.0
11780563,ETH-15078651,1586391946375,0,173.2,ETH-PERPETUAL,173.1,buy,90.0
11780564,ETH-15078652,1586391946375,1,173.2,ETH-PERPETUAL,173.1,buy,1.0
11780565,ETH-15078653,1586391946375,1,173.2,ETH-PERPETUAL,173.1,buy,20.0
11780566,ETH-15078654,1586391946375,1,173.2,ETH-PERPETUAL,173.1,buy,1308.0
11780567,ETH-15078655,1586391949045,2,173.15,ETH-PERPETUAL,173.11,sell,5.0
11780568,ETH-15078656,1586391949045,3,173.15,ETH-PERPETUAL,173.11,sell,95.0
11780569,ETH-15078657,1586391951396,3,173.15,ETH-PERPETUAL,173.08,buy,100.0
11780570,ETH-15078658,1586391951396,3,173.15,ETH-PERPETUAL,173.08,buy,2700.0
11780571,ETH-15078659,1586391951396,3,173.15,ETH-PERPETUAL,173.08,buy,20.0
11780572,ETH-15078660,1586391951396,3,173.15,ETH-PERPETUAL,173.08,buy,1.0
11780573,ETH-15078661,1586391951396,3,173.15,ETH-PERPETUAL,173.08,buy,3.0
11780574,ETH-15078662,1586391953967,3,173.15,ETH-PERPETUAL,173.09,sell,5.0
11780575,ETH-15078663,1586391957451,2,173.05,ETH-PERPETUAL,173.09,sell,39.0
11780576,ETH-15078666,1586392005986,3,173.05,ETH-PERPETUAL,173.03,sell,1.0
11780577,ETH-15078667,1586392012988,2,173.0,ETH-PERPETUAL,173.0,sell,1.0
11780578,ETH-15078668,1586392012988,3,173.0,ETH-PERPETUAL,173.0,sell,110.0
11780579,ETH-15078669,1586392012988,3,173.0,ETH-PERPETUAL,173.0,sell,100.0
11780580,ETH-15078670,1586392012988,3,173.0,ETH-PERPETUAL,173.0,sell,30.0
11780581,ETH-15078671,1586392015607,3,173.0,ETH-PERPETUAL,172.95,buy,100.0
11780582,ETH-15078672,1586392015710,2,172.95,ETH-PERPETUAL,172.95,sell,1.0
11780583,ETH-15078673,1586392015710,3,172.95,ETH-PERPETUAL,172.95,sell,700.0
11780584,ETH-15078674,1586392020575,3,172.95,ETH-PERPETUAL,172.92,buy,1.0
11780585,ETH-15078675,1586392020575,3,172.95,ETH-PERPETUAL,172.92,buy,6.0
11780586,ETH-15078676,1586392020664,0,173.0,ETH-PERPETUAL,172.92,buy,100.0
11780587,ETH-15078677,1586392033316,1,173.0,ETH-PERPETUAL,172.96,buy,8.0
11780588,ETH-15078678,1586392033316,1,173.0,ETH-PERPETUAL,172.96,buy,1.0
11780589,ETH-15078679,1586392035411,0,173.05,ETH-PERPETUAL,173.0,sell,100.0
11780590,ETH-15078680,1586392053830,2,173.0,ETH-PERPETUAL,173.01,sell,1250.0
11780591,ETH-15078681,1586392053831,3,173.0,ETH-PERPETUAL,173.01,sell,150.0
11780592,ETH-15078682,1586392053831,3,173.0,ETH-PERPETUAL,173.01,sell,1.0
11780593,ETH-15078683,1586392053831,2,172.95,ETH-PERPETUAL,173.01,sell,120.0
11780594,ETH-15078684,1586392053831,3,172.95,ETH-PERPETUAL,173.01,sell,1.0
11780595,ETH-15078685,1586392053831,3,172.95,ETH-PERPETUAL,173.01,sell,134.0
11780596,ETH-15078686,1586392053831,3,172.95,ETH-PERPETUAL,173.01,sell,800.0
11780597,ETH-15078687,1586392053831,3,172.95,ETH-PERPETUAL,173.01,sell,43.0
11780598,ETH-15078688,1586392057729,3,172.95,ETH-PERPETUAL,172.97,buy,100.0
11780599,ETH-15078689,1586392057729,3,172.95,ETH-PERPETUAL,172.97,buy,5.0
11780600,ETH-15078690,1586392080681,0,173.05,ETH-PERPETUAL,173.03,buy,1.0
11780601,ETH-15078691,1586392080681,1,173.05,ETH-PERPETUAL,173.03,buy,13.0
11780602,ETH-15078692,1586392087248,0,173.1,ETH-PERPETUAL,173.06,sell,1.0
11780603,ETH-15078693,1586392087736,1,173.1,ETH-PERPETUAL,173.06,sell,99.0
11780604,ETH-15078694,1586392087736,1,173.1,ETH-PERPETUAL,173.06,sell,1.0
11780605,ETH-15078695,1586392102381,0,173.15,ETH-PERPETUAL,173.07,buy,1.0
11780606,ETH-15078696,1586392102381,1,173.15,ETH-PERPETUAL,173.07,buy,9.0
11780607,ETH-15078697,1586392107195,1,173.15,ETH-PERPETUAL,173.14,sell,1.0
11780608,ETH-15078699,1586392122380,1,173.15,ETH-PERPETUAL,173.1,buy,1.0
11780609,ETH-15078700,1586392122380,1,173.15,ETH-PERPETUAL,173.1,buy,9.0
11780610,ETH-15078701,1586392122380,1,173.15,ETH-PERPETUAL,173.1,buy,3500.0
11780611,ETH-15078702,1586392128023,2,173.1,ETH-PERPETUAL,173.11,sell,1.0
11780612,ETH-15078703,1586392128023,3,173.1,ETH-PERPETUAL,173.11,sell,12.0
11780613,ETH-15078704,1586392168363,0,173.15,ETH-PERPETUAL,173.14,buy,1.0
11780614,ETH-15078705,1586392168363,1,173.15,ETH-PERPETUAL,173.14,buy,7.0
11780615,ETH-15078706,1586392168363,1,173.15,ETH-PERPETUAL,173.14,buy,2.0
11780616,ETH-15078707,1586392179835,1,173.15,ETH-PERPETUAL,173.15,sell,10.0
11780617,ETH-15078709,1586392183944,2,173.1,ETH-PERPETUAL,173.12,sell,70.0
11780618,ETH-15078710,1586392184149,2,173.05,ETH-PERPETUAL,173.12,sell,1.0
11780619,ETH-15078711,1586392184149,3,173.05,ETH-PERPETUAL,173.12,sell,1.0
11780620,ETH-15078712,1586392184149,3,173.05,ETH-PERPETUAL,173.12,sell,94.0
11780621,ETH-15078713,1586392190632,0,173.1,ETH-PERPETUAL,173.04,buy,100.0
11780622,ETH-15078714,1586392198676,1,173.1,ETH-PERPETUAL,173.06,buy,4.0
11780623,ETH-15078715,1586392198676,1,173.1,ETH-PERPETUAL,173.06,buy,1.0
11780624,ETH-15078716,1586392200399,0,173.2,ETH-PERPETUAL,173.09,buy,10.0
11780625,ETH-15078717,1586392200399,1,173.2,ETH-PERPETUAL,173.09,buy,1.0
11780626,ETH-15078718,1586392200399,1,173.2,ETH-PERPETUAL,173.09,buy,1.0
11780627,ETH-15078719,1586392200399,0,173.25,ETH-PERPETUAL,173.09,buy,3000.0
11780628,ETH-15078720,1586392200399,1,173.25,ETH-PERPETUAL,173.09,buy,1.0
11780629,ETH-15078721,1586392200399,1,173.25,ETH-PERPETUAL,173.09,buy,1054.0
11780630,ETH-15078722,1586392210275,2,173.05,ETH-PERPETUAL,173.09,sell,136.0
11780631,ETH-15078723,1586392210275,3,173.05,ETH-PERPETUAL,173.09,sell,1.0
11780632,ETH-15078724,1586392210569,3,173.05,ETH-PERPETUAL,173.09,sell,5.0
11780633,ETH-15078725,1586392213093,3,173.05,ETH-PERPETUAL,172.98,buy,5.0
11780634,ETH-15078726,1586392213093,3,173.05,ETH-PERPETUAL,172.98,buy,95.0
11780635,ETH-15078727,1586392214154,2,173.0,ETH-PERPETUAL,172.97,sell,1.0
11780636,ETH-15078728,1586392214154,3,173.0,ETH-PERPETUAL,172.97,sell,120.0
11780637,ETH-15078729,1586392214154,3,173.0,ETH-PERPETUAL,172.97,sell,1.0
11780638,ETH-15078730,1586392214567,2,172.95,ETH-PERPETUAL,172.97,sell,1.0
11780639,ETH-15078731,1586392214618,3,172.95,ETH-PERPETUAL,172.97,sell,4.0
11780640,ETH-15078732,1586392214628,2,172.9,ETH-PERPETUAL,172.97,sell,1.0
11780641,ETH-15078733,1586392214628,3,172.9,ETH-PERPETUAL,172.97,sell,5.0
11780642,ETH-15078734,1586392215655,2,172.85,ETH-PERPETUAL,172.92,sell,1.0
11780643,ETH-15078735,1586392215732,2,172.8,ETH-PERPETUAL,172.92,sell,5.0
11780644,ETH-15078736,1586392215919,3,172.8,ETH-PERPETUAL,172.89,sell,5.0
11780645,ETH-15078737,1586392216107,3,172.8,ETH-PERPETUAL,172.89,sell,5.0
11780646,ETH-15078738,1586392216334,3,172.8,ETH-PERPETUAL,172.89,sell,5.0
11780647,ETH-15078739,1586392216518,3,172.8,ETH-PERPETUAL,172.89,sell,5.0
11780648,ETH-15078740,1586392217281,0,172.85,ETH-PERPETUAL,172.91,sell,5.0
11780649,ETH-15078741,1586392217475,1,172.85,ETH-PERPETUAL,172.91,sell,5.0
11780650,ETH-15078742,1586392217682,2,172.8,ETH-PERPETUAL,172.91,sell,5.0
11780651,ETH-15078743,1586392217846,3,172.8,ETH-PERPETUAL,172.91,sell,5.0
11780652,ETH-15078744,1586392230365,0,172.95,ETH-PERPETUAL,172.93,sell,95.0
11780653,ETH-15078745,1586392230365,1,172.95,ETH-PERPETUAL,172.93,sell,1.0
11780654,ETH-15078746,1586392230365,1,172.95,ETH-PERPETUAL,172.93,sell,1.0
11780655,ETH-15078747,1586392243191,2,172.9,ETH-PERPETUAL,172.87,sell,1.0
11780656,ETH-15078748,1586392243191,3,172.9,ETH-PERPETUAL,172.87,sell,1.0
11780657,ETH-15078749,1586392247870,2,172.85,ETH-PERPETUAL,172.84,sell,20.0
11780658,ETH-15078750,1586392247870,3,172.85,ETH-PERPETUAL,172.84,sell,10.0
11780659,ETH-15078751,1586392247870,3,172.85,ETH-PERPETUAL,172.84,sell,3.0
11780660,ETH-15078752,1586392247870,3,172.85,ETH-PERPETUAL,172.84,sell,1.0
11780661,ETH-15078754,1586392249469,2,172.8,ETH-PERPETUAL,172.8,sell,1.0
11780662,ETH-15078756,1586392271906,0,172.95,ETH-PERPETUAL,172.86,buy,168.0
11780663,ETH-15078757,1586392271906,1,172.95,ETH-PERPETUAL,172.86,buy,1725.0
11780664,ETH-15078758,1586392271906,1,172.95,ETH-PERPETUAL,172.86,buy,170.0
11780665,ETH-15078759,1586392271906,1,172.95,ETH-PERPETUAL,172.86,buy,141.0
11780666,ETH-15078760,1586392271922,2,172.9,ETH-PERPETUAL,172.86,buy,1729.0
11780667,ETH-15078761,1586392271927,3,172.9,ETH-PERPETUAL,172.86,buy,1729.0
11780668,ETH-15078762,1586392271977,0,172.95,ETH-PERPETUAL,172.86,buy,1729.0
11780669,ETH-15078763,1586392279128,0,173.0,ETH-PERPETUAL,172.92,buy,5.0
11780670,ETH-15078764,1586392285122,1,173.0,ETH-PERPETUAL,173.0,buy,2300.0
11780671,ETH-15078765,1586392285122,1,173.0,ETH-PERPETUAL,173.0,buy,10.0
11780672,ETH-15078766,1586392285122,1,173.0,ETH-PERPETUAL,173.0,buy,100.0
11780673,ETH-15078767,1586392285122,1,173.0,ETH-PERPETUAL,173.0,buy,700.0
11780674,ETH-15078768,1586392307165,2,172.95,ETH-PERPETUAL,172.91,sell,30.0
11780675,ETH-15078769,1586392308950,3,172.95,ETH-PERPETUAL,172.9,buy,3000.0
11780676,ETH-15078770,1586392313379,0,173.0,ETH-PERPETUAL,172.9,buy,28.0
11780677,ETH-15078771,1586392321045,2,172.95,ETH-PERPETUAL,172.91,sell,5.0
11780678,ETH-15078772,1586392321045,3,172.95,ETH-PERPETUAL,172.91,sell,167.0
11780679,ETH-15078773,1586392339346,0,173.0,ETH-PERPETUAL,172.96,buy,1.0
11780680,ETH-15078774,1586392339346,1,173.0,ETH-PERPETUAL,172.96,buy,1.0
11780681,ETH-15078775,1586392345889,0,173.05,ETH-PERPETUAL,172.99,buy,5.0
11780682,ETH-15078776,1586392345889,1,173.05,ETH-PERPETUAL,172.99,buy,4.0
11780683,ETH-15078777,1586392345889,1,173.05,ETH-PERPETUAL,172.99,buy,1.0
11780684,ETH-15078778,1586392345889,1,173.05,ETH-PERPETUAL,172.99,buy,1.0
11780685,ETH-15078779,1586392345889,1,173.05,ETH-PERPETUAL,172.99,buy,3.0
11780686,ETH-15078780,1586392356925,0,173.1,ETH-PERPETUAL,173.05,buy,5.0
11780687,ETH-15078781,1586392356925,1,173.1,ETH-PERPETUAL,173.05,buy,1.0
11780688,ETH-15078782,1586392356925,1,173.1,ETH-PERPETUAL,173.05,buy,1.0
11780689,ETH-15078783,1586392356925,1,173.1,ETH-PERPETUAL,173.05,buy,3.0
11780690,ETH-15078784,1586392356925,1,173.1,ETH-PERPETUAL,173.05,buy,2.0
11780691,ETH-15078785,1586392356925,1,173.1,ETH-PERPETUAL,173.05,buy,3.0
11780692,ETH-15078786,1586392356925,1,173.1,ETH-PERPETUAL,173.05,buy,1.0
11780693,ETH-15078787,1586392357929,0,173.15,ETH-PERPETUAL,173.06,buy,5.0
11780694,ETH-15078788,1586392357929,1,173.15,ETH-PERPETUAL,173.06,buy,1.0
11780695,ETH-15078789,1586392362037,0,173.2,ETH-PERPETUAL,173.1,buy,5.0
11780696,ETH-15078790,1586392362037,1,173.2,ETH-PERPETUAL,173.1,buy,2.0
11780697,ETH-15078791,1586392362037,1,173.2,ETH-PERPETUAL,173.1,buy,1.0
11780698,ETH-15078795,1586392366360,0,173.25,ETH-PERPETUAL,173.13,buy,5.0
11780699,ETH-15078796,1586392366360,1,173.25,ETH-PERPETUAL,173.13,buy,1.0
11780700,ETH-15078797,1586392366360,1,173.25,ETH-PERPETUAL,173.13,buy,1.0
11780701,ETH-15078798,1586392366360,1,173.25,ETH-PERPETUAL,173.13,buy,13.0
11780702,ETH-15078799,1586392366360,1,173.25,ETH-PERPETUAL,173.13,buy,1.0
11780703,ETH-15078801,1586392367695,0,173.3,ETH-PERPETUAL,173.16,buy,90.0
11780704,ETH-15078802,1586392367695,1,173.3,ETH-PERPETUAL,173.16,buy,1.0
11780705,ETH-15078803,1586392367695,1,173.3,ETH-PERPETUAL,173.16,buy,5.0
11780706,ETH-15078804,1586392367695,1,173.3,ETH-PERPETUAL,173.16,buy,1.0
11780707,ETH-15078805,1586392367695,1,173.3,ETH-PERPETUAL,173.16,buy,5.0
11780708,ETH-15078806,1586392367695,1,173.3,ETH-PERPETUAL,173.16,buy,2.0
11780709,ETH-15078807,1586392373930,1,173.3,ETH-PERPETUAL,173.24,sell,100.0
11780710,ETH-15078808,1586392375313,1,173.3,ETH-PERPETUAL,173.24,sell,210.0
11780711,ETH-15078809,1586392375313,1,173.3,ETH-PERPETUAL,173.24,sell,337.0
11780712,ETH-15078810,1586392376450,2,173.25,ETH-PERPETUAL,173.22,sell,5.0
11780713,ETH-15078811,1586392376450,3,173.25,ETH-PERPETUAL,173.22,sell,1.0
11780714,ETH-15078812,1586392376521,2,173.2,ETH-PERPETUAL,173.22,sell,100.0
11780715,ETH-15078813,1586392396488,0,173.25,ETH-PERPETUAL,173.18,buy,8.0
11780716,ETH-15078814,1586392396488,1,173.25,ETH-PERPETUAL,173.18,buy,1.0
11780717,ETH-15078815,1586392439590,1,173.25,ETH-PERPETUAL,173.18,buy,7.0
11780718,ETH-15078816,1586392439590,1,173.25,ETH-PERPETUAL,173.18,buy,1732.0
11780719,ETH-15078817,1586392439590,1,173.25,ETH-PERPETUAL,173.18,buy,1.0
11780720,ETH-15078818,1586392439590,0,173.3,ETH-PERPETUAL,173.18,buy,5.0
11780721,ETH-15078819,1586392440118,1,173.3,ETH-PERPETUAL,173.18,buy,130.0
11780722,ETH-15078820,1586392440157,1,173.3,ETH-PERPETUAL,173.18,buy,1732.0
11780723,ETH-15078822,1586392440753,0,173.35,ETH-PERPETUAL,173.24,buy,5.0
11780724,ETH-15078823,1586392440753,1,173.35,ETH-PERPETUAL,173.24,buy,1.0
11780725,ETH-15078824,1586392440753,1,173.35,ETH-PERPETUAL,173.24,buy,1245.0
11780726,ETH-15078825,1586392440776,1,173.35,ETH-PERPETUAL,173.24,buy,488.0
11780727,ETH-15078826,1586392440784,1,173.35,ETH-PERPETUAL,173.24,buy,1030.0
11780728,ETH-15078827,1586392440787,1,173.35,ETH-PERPETUAL,173.24,buy,703.0
11780729,ETH-15078828,1586392440787,1,173.35,ETH-PERPETUAL,173.24,buy,15.0
11780730,ETH-15078829,1586392446122,0,173.4,ETH-PERPETUAL,173.42,buy,90.0
11780731,ETH-15078830,1586392446122,1,173.4,ETH-PERPETUAL,173.42,buy,5.0
11780732,ETH-15078831,1586392446122,1,173.4,ETH-PERPETUAL,173.42,buy,1.0
11780733,ETH-15078832,1586392446122,1,173.4,ETH-PERPETUAL,173.42,buy,2.0
11780734,ETH-15078833,1586392446122,1,173.4,ETH-PERPETUAL,173.42,buy,1.0
11780735,ETH-15078834,1586392446122,1,173.4,ETH-PERPETUAL,173.42,buy,200.0
11780736,ETH-15078835,1586392446122,1,173.4,ETH-PERPETUAL,173.42,buy,15.0
11780737,ETH-15078836,1586392453179,2,173.35,ETH-PERPETUAL,173.33,sell,1.0
11780738,ETH-15078837,1586392455771,3,173.35,ETH-PERPETUAL,173.29,buy,253.0
11780739,ETH-15078838,1586392456599,2,173.3,ETH-PERPETUAL,173.29,sell,2.0
11780740,ETH-15078839,1586392456599,3,173.3,ETH-PERPETUAL,173.29,sell,470.0
11780741,ETH-15078840,1586392465349,2,173.25,ETH-PERPETUAL,173.25,sell,1.0
11780742,ETH-15078841,1586392520368,2,173.2,ETH-PERPETUAL,173.21,sell,1.0
11780743,ETH-15078842,1586392520368,3,173.2,ETH-PERPETUAL,173.21,sell,1.0
11780744,ETH-15078843,1586392520368,3,173.2,ETH-PERPETUAL,173.21,sell,1300.0
11780745,ETH-15078844,1586392520368,3,173.2,ETH-PERPETUAL,173.21,sell,20.0
11780746,ETH-15078845,1586392520368,3,173.2,ETH-PERPETUAL,173.21,sell,70.0
11780747,ETH-15078846,1586392520368,3,173.2,ETH-PERPETUAL,173.21,sell,110.0
11780748,ETH-15078847,1586392526475,2,173.15,ETH-PERPETUAL,173.2,sell,5.0
11780749,ETH-15078848,1586392526475,3,173.15,ETH-PERPETUAL,173.2,sell,19.0
11780750,ETH-15078849,1586392527032,3,173.15,ETH-PERPETUAL,173.2,sell,1.0
11780751,ETH-15078850,1586392527032,3,173.15,ETH-PERPETUAL,173.2,sell,1.0
11780752,ETH-15078851,1586392528971,3,173.15,ETH-PERPETUAL,173.15,buy,100.0
11780753,ETH-15078852,1586392530097,2,173.1,ETH-PERPETUAL,173.13,sell,5.0
11780754,ETH-15078853,1586392530097,3,173.1,ETH-PERPETUAL,173.13,sell,1.0
11780755,ETH-15078854,1586392530097,3,173.1,ETH-PERPETUAL,173.13,sell,5.0
11780756,ETH-15078855,1586392530097,3,173.1,ETH-PERPETUAL,173.13,sell,125.0
11780757,ETH-15078856,1586392530097,3,173.1,ETH-PERPETUAL,173.13,sell,1.0
11780758,ETH-15078857,1586392530123,3,173.1,ETH-PERPETUAL,173.13,sell,5.0
11780759,ETH-15078858,1586392535646,3,173.1,ETH-PERPETUAL,173.05,buy,100.0
11780760,ETH-15078859,1586392535686,2,173.05,ETH-PERPETUAL,173.05,sell,5.0
11780761,ETH-15078860,1586392535686,3,173.05,ETH-PERPETUAL,173.05,sell,1.0
11780762,ETH-15078861,1586392563861,3,173.05,ETH-PERPETUAL,173.01,buy,1.0
11780763,ETH-15078862,1586392563861,3,173.05,ETH-PERPETUAL,173.01,buy,1.0
11780764,ETH-15078863,1586392583632,0,173.1,ETH-PERPETUAL,173.1,buy,1.0
11780765,ETH-15078864,1586392583632,1,173.1,ETH-PERPETUAL,173.1,buy,1.0
11780766,ETH-15078865,1586392583632,1,173.1,ETH-PERPETUAL,173.1,buy,1.0
11780767,ETH-15078866,1586392583632,1,173.1,ETH-PERPETUAL,173.1,buy,1.0
11780768,ETH-15078867,1586392584914,0,173.15,ETH-PERPETUAL,173.11,buy,1.0
11780769,ETH-15078868,1586392588173,0,173.2,ETH-PERPETUAL,173.15,buy,1.0
11780770,ETH-15078869,1586392588173,1,173.2,ETH-PERPETUAL,173.15,buy,1.0
11780771,ETH-15078870,1586392588173,1,173.2,ETH-PERPETUAL,173.15,buy,1.0
11780772,ETH-15078871,1586392588173,1,173.2,ETH-PERPETUAL,173.15,buy,1.0
11780773,ETH-15078872,1586392607471,1,173.2,ETH-PERPETUAL,173.22,sell,100.0
11780774,ETH-15078873,1586392614675,0,173.25,ETH-PERPETUAL,173.22,buy,1.0
11780775,ETH-15078874,1586392614675,1,173.25,ETH-PERPETUAL,173.22,buy,12.0
11780776,ETH-15078875,1586392614675,1,173.25,ETH-PERPETUAL,173.22,buy,1.0
11780777,ETH-15078876,1586392615162,0,173.3,ETH-PERPETUAL,173.22,buy,1.0
11780778,ETH-15078877,1586392615162,1,173.3,ETH-PERPETUAL,173.22,buy,4.0
11780779,ETH-15078878,1586392617813,0,173.35,ETH-PERPETUAL,173.25,buy,1.0
11780780,ETH-15078879,1586392617813,1,173.35,ETH-PERPETUAL,173.25,buy,12.0
11780781,ETH-15078880,1586392617813,1,173.35,ETH-PERPETUAL,173.25,buy,600.0
11780782,ETH-15078881,1586392618974,0,173.4,ETH-PERPETUAL,173.27,buy,1.0
11780783,ETH-15078882,1586392618974,1,173.4,ETH-PERPETUAL,173.27,buy,10.0
11780784,ETH-15078883,1586392618974,1,173.4,ETH-PERPETUAL,173.27,buy,1734.0
11780785,ETH-15078884,1586392618974,1,173.4,ETH-PERPETUAL,173.27,buy,2.0
11780786,ETH-15078885,1586392618974,1,173.4,ETH-PERPETUAL,173.27,buy,1.0
11780787,ETH-15078886,1586392618974,1,173.4,ETH-PERPETUAL,173.27,buy,16.0
11780788,ETH-15078889,1586392623364,1,173.4,ETH-PERPETUAL,173.36,sell,100.0
11780789,ETH-15078890,1586392628091,1,173.4,ETH-PERPETUAL,173.33,buy,10.0
11780790,ETH-15078891,1586392628091,1,173.4,ETH-PERPETUAL,173.33,buy,1.0
11780791,ETH-15078892,1586392631069,2,173.35,ETH-PERPETUAL,173.34,sell,100.0
11780792,ETH-15078893,1586392642229,3,173.35,ETH-PERPETUAL,173.36,sell,5.0
11780793,ETH-15078894,1586392642229,3,173.35,ETH-PERPETUAL,173.36,sell,1.0
11780794,ETH-15078895,1586392645996,3,173.35,ETH-PERPETUAL,173.3,buy,1733.0
11780795,ETH-15078896,1586392663391,3,173.35,ETH-PERPETUAL,173.34,sell,100.0
11780796,ETH-15078897,1586392663391,3,173.35,ETH-PERPETUAL,173.34,sell,100.0
11780797,ETH-15078898,1586392664406,2,173.3,ETH-PERPETUAL,173.32,sell,2.0
11780798,ETH-15078899,1586392664406,3,173.3,ETH-PERPETUAL,173.32,sell,240.0
11780799,ETH-15078900,1586392664406,3,173.3,ETH-PERPETUAL,173.32,sell,80.0
11780800,ETH-15078901,1586392672697,3,173.3,ETH-PERPETUAL,173.24,buy,100.0
11780801,ETH-15078902,1586392673201,0,173.35,ETH-PERPETUAL,173.26,buy,1463.0
11780802,ETH-15078903,1586392692471,0,173.4,ETH-PERPETUAL,173.34,buy,1.0
11780803,ETH-15078904,1586392692471,1,173.4,ETH-PERPETUAL,173.34,buy,4.0
11780804,ETH-15078905,1586392692488,0,173.45,ETH-PERPETUAL,173.34,buy,1.0
11780805,ETH-15078906,1586392692488,1,173.45,ETH-PERPETUAL,173.34,buy,1.0
11780806,ETH-15078907,1586392692488,1,173.45,ETH-PERPETUAL,173.34,buy,26.0
11780807,ETH-15078908,1586392692497,1,173.45,ETH-PERPETUAL,173.34,buy,1000.0
11780808,ETH-15078909,1586392696396,2,173.4,ETH-PERPETUAL,173.37,sell,120.0
11780809,ETH-15078910,1586392703657,2,173.35,ETH-PERPETUAL,173.34,sell,1.0
11780810,ETH-15078911,1586392703657,3,173.35,ETH-PERPETUAL,173.34,sell,100.0
11780811,ETH-15078912,1586392713918,3,173.35,ETH-PERPETUAL,173.34,sell,5.0
11780812,ETH-15078915,1586392719097,3,173.35,ETH-PERPETUAL,173.33,buy,100.0
11780813,ETH-15078916,1586392742664,2,173.3,ETH-PERPETUAL,173.3,sell,1.0
11780814,ETH-15078917,1586392742664,3,173.3,ETH-PERPETUAL,173.3,sell,30.0
11780815,ETH-15078918,1586392742664,3,173.3,ETH-PERPETUAL,173.3,sell,918.0
11780816,ETH-15078921,1586392768533,3,173.3,ETH-PERPETUAL,173.27,sell,2.0
11780817,ETH-15078922,1586392788336,3,173.3,ETH-PERPETUAL,173.28,buy,173.0
11780818,ETH-15078923,1586392788897,0,173.35,ETH-PERPETUAL,173.28,buy,100.0
11780819,ETH-15078924,1586392807518,1,173.35,ETH-PERPETUAL,173.3,buy,1733.0
11780820,ETH-15078925,1586392807518,1,173.35,ETH-PERPETUAL,173.3,buy,1.0
11780821,ETH-15078927,1586392807549,1,173.35,ETH-PERPETUAL,173.3,buy,1733.0
11780822,ETH-15078930,1586392837973,2,173.3,ETH-PERPETUAL,173.28,sell,230.0
11780823,ETH-15078931,1586392837973,3,173.3,ETH-PERPETUAL,173.28,sell,2.0
11780824,ETH-15078932,1586392838977,2,173.25,ETH-PERPETUAL,173.28,sell,1.0
11780825,ETH-15078933,1586392838977,3,173.25,ETH-PERPETUAL,173.28,sell,20.0
11780826,ETH-15078934,1586392838977,3,173.25,ETH-PERPETUAL,173.28,sell,10.0
11780827,ETH-15078937,1586392843738,2,173.2,ETH-PERPETUAL,173.19,buy,30.0
11780828,ETH-15078938,1586392844328,3,173.2,ETH-PERPETUAL,173.19,buy,100.0
11780829,ETH-15078939,1586392894536,0,173.25,ETH-PERPETUAL,173.21,sell,1.0
11780830,ETH-15078940,1586392905408,0,173.3,ETH-PERPETUAL,173.24,buy,357.0
11780831,ETH-15078941,1586392922107,1,173.3,ETH-PERPETUAL,173.26,buy,1007.0
11780832,ETH-15078942,1586392923147,1,173.3,ETH-PERPETUAL,173.26,buy,1.0
11780833,ETH-15078943,1586392931816,0,173.35,ETH-PERPETUAL,173.29,buy,1734.0
11780834,ETH-15078944,1586392931816,1,173.35,ETH-PERPETUAL,173.29,buy,3.0
11780835,ETH-15078945,1586392931826,1,173.35,ETH-PERPETUAL,173.29,buy,1733.0
11780836,ETH-15078946,1586392931960,0,173.4,ETH-PERPETUAL,173.3,buy,1.0
11780837,ETH-15078948,1586392932757,0,173.45,ETH-PERPETUAL,173.3,buy,1.0
11780838,ETH-15078949,1586392932757,1,173.45,ETH-PERPETUAL,173.3,buy,4.0
11780839,ETH-15078950,1586392933363,0,173.5,ETH-PERPETUAL,173.35,buy,371.0
11780840,ETH-15078953,1586392938792,1,173.5,ETH-PERPETUAL,173.4,buy,129.0
11780841,ETH-15078954,1586392938792,1,173.5,ETH-PERPETUAL,173.4,buy,2.0
11780842,ETH-15078955,1586392938792,1,173.5,ETH-PERPETUAL,173.4,buy,5.0
11780843,ETH-15078956,1586392938792,1,173.5,ETH-PERPETUAL,173.4,buy,5.0
11780844,ETH-15078957,1586392938792,1,173.5,ETH-PERPETUAL,173.4,buy,1.0
11780845,ETH-15078958,1586392938792,1,173.5,ETH-PERPETUAL,173.4,buy,1.0
11780846,ETH-15078959,1586392938792,1,173.5,ETH-PERPETUAL,173.4,buy,1165.0
11780847,ETH-15078960,1586392938795,1,173.5,ETH-PERPETUAL,173.4,buy,570.0
11780848,ETH-15078961,1586392938795,1,173.5,ETH-PERPETUAL,173.4,buy,10.0
11780849,ETH-15078962,1586392938795,1,173.5,ETH-PERPETUAL,173.4,buy,2.0
11780850,ETH-15078963,1586392938795,1,173.5,ETH-PERPETUAL,173.4,buy,11.0
11780851,ETH-15078965,1586392939234,0,173.55,ETH-PERPETUAL,173.41,buy,15.0
11780852,ETH-15078966,1586392939234,1,173.55,ETH-PERPETUAL,173.41,buy,1.0
11780853,ETH-15078967,1586392939234,1,173.55,ETH-PERPETUAL,173.41,buy,1691.0
11780854,ETH-15078968,1586392939574,1,173.55,ETH-PERPETUAL,173.41,buy,315.0
11780855,ETH-15078970,1586392942995,0,173.6,ETH-PERPETUAL,173.48,buy,90.0
11780856,ETH-15078971,1586392942995,1,173.6,ETH-PERPETUAL,173.48,buy,5.0
11780857,ETH-15078972,1586392942995,1,173.6,ETH-PERPETUAL,173.48,buy,5.0
11780858,ETH-15078973,1586392942995,1,173.6,ETH-PERPETUAL,173.48,buy,1.0
11780859,ETH-15078974,1586392942995,1,173.6,ETH-PERPETUAL,173.48,buy,15.0
11780860,ETH-15078975,1586392942995,1,173.6,ETH-PERPETUAL,173.48,buy,1300.0
11780861,ETH-15078976,1586392942995,1,173.6,ETH-PERPETUAL,173.48,buy,2.0
11780862,ETH-15078977,1586392942995,1,173.6,ETH-PERPETUAL,173.48,buy,1.0
11780863,ETH-15078978,1586392942995,1,173.6,ETH-PERPETUAL,173.48,buy,2100.0
11780864,ETH-15078979,1586392942995,1,173.6,ETH-PERPETUAL,173.48,buy,111.0
11780865,ETH-15078980,1586392942995,1,173.6,ETH-PERPETUAL,173.48,buy,1.0
11780866,ETH-15078981,1586392942995,1,173.6,ETH-PERPETUAL,173.48,buy,1369.0
11780867,ETH-15078982,1586392944896,1,173.6,ETH-PERPETUAL,173.49,buy,1.0
11780868,ETH-15078983,1586392945546,1,173.6,ETH-PERPETUAL,173.49,sell,100.0
11780869,ETH-15078984,1586392948841,1,173.6,ETH-PERPETUAL,173.52,sell,1.0
11780870,ETH-15078985,1586392948841,1,173.6,ETH-PERPETUAL,173.52,sell,1.0
11780871,ETH-15078986,1586392950671,1,173.6,ETH-PERPETUAL,173.53,sell,349.0
11780872,ETH-15078987,1586392950671,1,173.6,ETH-PERPETUAL,173.53,sell,5.0
11780873,ETH-15078988,1586392951565,2,173.55,ETH-PERPETUAL,173.54,sell,136.0
11780874,ETH-15078989,1586392951640,3,173.55,ETH-PERPETUAL,173.54,sell,5.0
11780875,ETH-15078991,1586392953489,2,173.5,ETH-PERPETUAL,173.48,sell,2.0
11780876,ETH-15078994,1586392955109,3,173.5,ETH-PERPETUAL,173.45,buy,2000.0
11780877,ETH-15078995,1586392963489,2,173.45,ETH-PERPETUAL,173.39,sell,230.0
11780878,ETH-15078996,1586392963489,3,173.45,ETH-PERPETUAL,173.39,sell,1.0
11780879,ETH-15078997,1586392964792,2,173.4,ETH-PERPETUAL,173.36,buy,50.0
11780880,ETH-15078998,1586392965154,3,173.4,ETH-PERPETUAL,173.36,buy,10.0
11780881,ETH-15078999,1586392968552,3,173.4,ETH-PERPETUAL,173.35,buy,40.0
11780882,ETH-15079000,1586392968552,3,173.4,ETH-PERPETUAL,173.35,buy,114.0
11780883,ETH-15079001,1586392969548,0,173.45,ETH-PERPETUAL,173.35,buy,100.0
11780884,ETH-15079002,1586392969679,1,173.45,ETH-PERPETUAL,173.35,buy,1633.0
11780885,ETH-15079003,1586392969695,1,173.45,ETH-PERPETUAL,173.35,buy,1734.0
11780886,ETH-15079004,1586392987037,1,173.45,ETH-PERPETUAL,173.38,sell,200.0
11780887,ETH-15079005,1586392988049,2,173.4,ETH-PERPETUAL,173.37,sell,1.0
11780888,ETH-15079006,1586392992427,2,173.35,ETH-PERPETUAL,173.33,sell,5.0
11780889,ETH-15079007,1586392992427,3,173.35,ETH-PERPETUAL,173.33,sell,5.0
11780890,ETH-15079008,1586392992427,3,173.35,ETH-PERPETUAL,173.33,sell,77.0
11780891,ETH-15079009,1586392993422,3,173.35,ETH-PERPETUAL,173.33,sell,7.0
11780892,ETH-15079010,1586392993422,3,173.35,ETH-PERPETUAL,173.33,sell,1.0
11780893,ETH-15079011,1586393002283,2,173.3,ETH-PERPETUAL,173.28,sell,1.0
11780894,ETH-15079012,1586393002283,3,173.3,ETH-PERPETUAL,173.28,sell,1.0
11780895,ETH-15079013,1586393002283,3,173.3,ETH-PERPETUAL,173.28,sell,120.0
11780896,ETH-15079014,1586393002283,3,173.3,ETH-PERPETUAL,173.28,sell,1.0
11780897,ETH-15079015,1586393012090,3,173.3,ETH-PERPETUAL,173.26,buy,100.0
11780898,ETH-15079016,1586393017368,3,173.3,ETH-PERPETUAL,173.27,buy,570.0
11780899,ETH-15079017,1586393017389,3,173.3,ETH-PERPETUAL,173.27,buy,1063.0
11780900,ETH-15079018,1586393017398,3,173.3,ETH-PERPETUAL,173.27,buy,1733.0
11780901,ETH-15079019,1586393019248,0,173.4,ETH-PERPETUAL,173.31,sell,100.0
11780902,ETH-15079020,1586393042229,2,173.35,ETH-PERPETUAL,173.33,sell,20.0
11780903,ETH-15079021,1586393042229,3,173.35,ETH-PERPETUAL,173.33,sell,1.0
11780904,ETH-15079025,1586393046179,2,173.3,ETH-PERPETUAL,173.25,buy,100.0
11780905,ETH-15079026,1586393046179,3,173.3,ETH-PERPETUAL,173.25,buy,1100.0
11780906,ETH-15079027,1586393046179,3,173.3,ETH-PERPETUAL,173.25,buy,800.0
11780907,ETH-15079028,1586393046179,3,173.3,ETH-PERPETUAL,173.25,buy,1732.0
11780908,ETH-15079029,1586393046179,3,173.3,ETH-PERPETUAL,173.25,buy,109.0
11780909,ETH-15079030,1586393046179,0,173.35,ETH-PERPETUAL,173.25,buy,110.0
11780910,ETH-15079031,1586393046179,1,173.35,ETH-PERPETUAL,173.25,buy,1636.0
11780911,ETH-15079033,1586393058174,2,173.3,ETH-PERPETUAL,173.23,buy,120.0
11780912,ETH-15079034,1586393068706,3,173.3,ETH-PERPETUAL,173.23,buy,1612.0
11780913,ETH-15079035,1586393068728,3,173.3,ETH-PERPETUAL,173.23,buy,1732.0
11780914,ETH-15079036,1586393071530,0,173.4,ETH-PERPETUAL,173.28,buy,1.0
11780915,ETH-15079037,1586393071530,1,173.4,ETH-PERPETUAL,173.28,buy,27.0
11780916,ETH-15079044,1586393086456,2,173.35,ETH-PERPETUAL,173.29,buy,30.0
